Date,usidx_Price,Open,High,Low,Vol.,Change %
10/7/2024,102.54,102.49,102.62,102.37,,0.02%
10/4/2024,102.52,101.91,102.69,101.81,,0.52%
10/3/2024,101.99,101.64,102.1,101.63,,0.30%
10/2/2024,101.68,101.24,101.69,101.16,,0.48%
10/1/2024,101.19,100.74,101.39,100.7,,0.41%
9/30/2024,100.78,100.42,100.92,100.18,,0.40%
9/27/2024,100.38,100.59,100.88,100.16,,-0.14%
9/26/2024,100.52,100.93,100.97,100.48,,-0.39%
9/25/2024,100.91,100.28,100.99,100.22,,0.67%
9/24/2024,100.24,100.93,101.05,100.24,,-0.69%
9/23/2024,100.93,100.78,101.23,100.74,,0.16%
9/22/2024,100.78,100.74,100.78,100.71,,0.05%
9/20/2024,100.72,100.68,101.01,100.41,,0.11%
9/19/2024,100.61,101.01,101.47,100.52,,0.02%
9/18/2024,100.6,100.94,101.15,100.21,,-0.30%
9/17/2024,100.89,100.76,101.03,100.57,,0.13%
9/16/2024,100.76,101.04,101.1,100.59,,-0.35%
9/13/2024,101.11,101.2,101.2,100.88,,-0.25%
9/12/2024,101.37,101.78,101.84,101.22,,-0.31%
9/11/2024,101.68,101.66,101.82,101.27,,0.05%
9/10/2024,101.63,101.64,101.77,101.54,,0.08%
9/9/2024,101.55,101.19,101.7,101.14,,0.37%
9/6/2024,101.18,101.06,101.39,100.58,,0.07%
9/5/2024,101.11,101.28,101.37,100.96,,-0.25%
9/4/2024,101.36,101.69,101.78,101.24,,-0.46%
9/3/2024,101.82,101.66,101.92,101.56,,0.17%
9/2/2024,101.65,101.73,101.8,101.57,,-0.04%
8/30/2024,101.7,101.38,101.78,101.25,,0.35%
8/29/2024,101.34,101,101.58,100.89,,0.25%
8/28/2024,101.09,100.55,101.18,100.55,,0.54%
8/27/2024,100.55,100.82,100.93,100.51,,-0.30%
8/26/2024,100.85,100.68,100.92,100.53,,0.13%
8/23/2024,100.72,101.46,101.55,100.6,,-0.78%
8/22/2024,101.51,101.13,101.63,101.09,,0.46%
8/21/2024,101.04,101.35,101.63,100.92,,-0.40%
8/20/2024,101.44,101.88,102.01,101.36,,-0.44%
8/19/2024,101.89,102.4,102.48,101.85,,-0.56%
8/16/2024,102.46,103.04,103.05,102.39,,-0.50%
8/15/2024,102.98,102.63,103.23,102.54,,0.40%
8/14/2024,102.57,102.61,102.72,102.27,,0.01%
8/13/2024,102.56,103.09,103.27,102.55,,-0.56%
8/12/2024,103.14,103.15,103.31,103.09,,0.00%
8/9/2024,103.14,103.26,103.3,103.03,,-0.07%
8/8/2024,103.21,103.09,103.55,102.92,,0.01%
8/7/2024,103.2,102.95,103.37,102.92,,0.22%
8/6/2024,102.97,102.78,103.22,102.7,,0.27%
8/5/2024,102.69,103.22,103.28,102.16,,-0.50%
8/2/2024,103.21,104.31,104.43,103.13,,-1.16%
8/1/2024,104.42,104.07,104.45,103.86,,0.31%
7/31/2024,104.1,104.43,104.53,103.93,,-0.44%
7/30/2024,104.55,104.56,104.8,104.45,,-0.01%
7/29/2024,104.56,104.33,104.75,104.14,,0.24%
7/26/2024,104.32,104.36,104.45,104.21,,-0.04%
7/25/2024,104.36,104.38,104.46,104.08,,-0.03%
7/24/2024,104.39,104.48,104.56,104.12,,-0.06%
7/23/2024,104.45,104.31,104.54,104.2,,0.13%
7/22/2024,104.31,104.36,104.42,104.18,,-0.08%
7/19/2024,104.4,104.16,104.42,104.13,,0.21%
7/18/2024,104.17,103.7,104.23,103.65,,0.41%
7/17/2024,103.75,104.22,104.29,103.65,,-0.50%
7/16/2024,104.27,104.25,104.51,104.2,,0.08%
7/15/2024,104.19,104.08,104.32,104.03,,0.09%
7/12/2024,104.09,104.52,104.55,104.04,,-0.33%
7/11/2024,104.44,104.99,105,104.08,,-0.58%
7/10/2024,105.05,105.12,105.17,104.98,,-0.08%
7/9/2024,105.13,104.99,105.21,104.96,,0.12%
7/8/2024,105,104.88,105.03,104.8,,0.12%
7/5/2024,104.88,105.17,105.17,104.82,,-0.24%
7/4/2024,105.13,105.32,105.36,105.1,,-0.26%
7/3/2024,105.4,105.67,105.8,105.05,,-0.30%
7/2/2024,105.72,105.85,106.05,105.66,,-0.17%
7/1/2024,105.9,105.85,105.98,105.43,,0.03%
6/28/2024,105.87,105.92,106.13,105.75,,-0.04%
6/27/2024,105.91,106.07,106.08,105.71,,-0.14%
6/26/2024,106.05,105.66,106.13,105.61,,0.42%
6/25/2024,105.61,105.51,105.78,105.37,,0.13%
6/24/2024,105.47,105.83,105.9,105.37,,-0.31%
6/21/2024,105.8,105.64,105.92,105.54,,0.20%
6/20/2024,105.59,105.2,105.67,105.2,,0.32%
6/19/2024,105.25,105.26,105.34,105.15,,0.00%
6/18/2024,105.26,105.3,105.56,105.13,,-0.06%
6/17/2024,105.32,105.51,105.65,105.31,,-0.22%
6/14/2024,105.55,105.23,105.81,105.18,,0.34%
6/13/2024,105.2,104.69,105.28,104.64,,0.53%
6/12/2024,104.64,105.28,105.32,104.26,,-0.56%
6/11/2024,105.23,105.15,105.46,105.1,,0.08%
6/10/2024,105.15,104.93,105.39,105.04,,0.25%
6/7/2024,104.89,104.09,104.95,104,,0.75%
6/6/2024,104.1,104.25,104.37,104.05,,-0.16%
6/5/2024,104.27,104.17,104.46,104.13,,0.15%
6/4/2024,104.11,104.05,104.33,103.99,,-0.03%
6/3/2024,104.14,104.63,104.77,104.04,,-0.51%
5/31/2024,104.67,104.76,104.9,104.36,,-0.04%
5/30/2024,104.72,105.13,105.18,104.63,,-0.36%
5/29/2024,105.1,104.64,105.14,104.59,,0.46%
5/28/2024,104.61,104.58,104.64,104.33,,0.02%
5/27/2024,104.6,104.75,104.75,104.57,,-0.12%
5/24/2024,104.72,105.04,105.12,104.64,,-0.37%
5/23/2024,105.11,104.9,105.11,104.63,,0.17%
5/22/2024,104.93,104.62,104.97,104.56,,0.26%
5/21/2024,104.66,104.6,104.77,104.48,,0.09%
5/20/2024,104.57,104.5,104.65,104.39,,0.11%
5/17/2024,104.44,104.5,104.8,104.39,,-0.02%
5/16/2024,104.46,104.21,104.63,104.08,,0.11%
5/15/2024,104.35,105.05,105.06,104.28,,-0.64%
5/14/2024,105.01,105.2,105.46,104.96,,-0.19%
5/13/2024,105.22,105.31,105.37,105.06,,-0.08%
5/10/2024,105.3,105.21,105.4,105.14,,0.07%
5/9/2024,105.23,105.52,105.74,105.2,,-0.30%
5/8/2024,105.55,105.42,105.64,105.39,,0.13%
5/7/2024,105.41,105.14,105.45,105.03,,0.34%
5/6/2024,105.05,105.08,105.2,104.87,,0.02%
5/3/2024,105.03,105.31,105.37,104.52,,-0.26%
5/2/2024,105.3,105.73,105.9,105.3,,-0.43%
5/1/2024,105.75,106.32,106.49,105.43,,-0.44%
4/30/2024,106.22,105.67,106.35,105.67,,0.61%
4/29/2024,105.58,106.09,106.08,105.46,,-0.34%
4/26/2024,105.94,105.58,106.19,105.41,,0.32%
4/25/2024,105.6,105.82,106,105.51,,-0.24%
4/24/2024,105.86,105.69,105.95,105.59,,0.17%
4/23/2024,105.68,106.12,106.24,105.61,,-0.38%
4/22/2024,106.08,106.12,106.39,105.98,,-0.07%
4/19/2024,106.15,106.19,106.35,105.85,,0.00%
4/18/2024,106.15,105.93,106.18,105.74,,0.19%
4/17/2024,105.95,106.33,106.44,105.87,,-0.29%
4/16/2024,106.26,106.17,106.52,106.07,,0.05%
4/15/2024,106.21,106.01,106.25,105.84,,0.16%
4/12/2024,106.04,105.28,106.11,105.24,,0.72%
4/11/2024,105.28,105.18,105.53,105.03,,0.04%
4/10/2024,105.25,104.1,105.3,104.02,,1.05%
4/9/2024,104.15,104.12,104.2,103.88,,0.01%
4/8/2024,104.14,104.29,104.44,104.1,,-0.15%
4/5/2024,104.3,104.21,104.69,104.14,,0.17%
4/4/2024,104.12,104.23,104.26,103.92,,-0.12%
4/3/2024,104.25,104.77,104.84,104.23,,-0.54%
4/2/2024,104.82,105,105.1,104.68,,-0.19%
4/1/2024,105.02,104.49,105.07,104.42,,0.45%
3/29/2024,104.55,104.54,104.67,104.41,,0.00%
3/28/2024,104.55,104.43,104.73,104.31,,0.19%
3/27/2024,104.35,104.29,104.46,104.22,,0.05%
3/26/2024,104.29,104.22,104.34,104.01,,0.06%
3/25/2024,104.24,104.43,104.47,104.14,,-0.23%
3/22/2024,104.47,103.99,104.5,103.92,,0.45%
3/21/2024,104,103.24,104.05,103.17,,0.57%
3/20/2024,103.41,103.84,104.15,103.38,,-0.41%
3/19/2024,103.84,103.59,104.06,103.58,,0.24%
3/18/2024,103.59,103.45,103.65,103.33,,0.16%
3/15/2024,103.43,103.39,103.49,103.3,,0.07%
3/14/2024,103.36,102.76,103.4,102.74,,0.56%
3/13/2024,102.79,102.93,103.02,102.67,,-0.16%
3/12/2024,102.96,102.82,103.18,102.72,,0.09%
3/11/2024,102.87,102.74,102.93,102.64,,0.15%
3/8/2024,102.71,102.73,102.9,102.36,,-0.11%
3/7/2024,102.82,103.31,103.35,102.79,,-0.53%
3/6/2024,103.37,103.81,103.89,103.2,,-0.41%
3/5/2024,103.8,103.85,103.95,103.58,,-0.03%
3/4/2024,103.83,103.89,103.96,103.73,,-0.03%
3/1/2024,103.86,104.13,104.29,103.84,,-0.28%
2/29/2024,104.16,103.92,104.2,103.66,,0.17%
2/28/2024,103.97,103.84,104.24,103.81,,0.14%
2/27/2024,103.83,103.78,103.92,103.61,,0.00%
2/26/2024,103.83,103.96,104.02,103.71,,-0.10%
2/23/2024,103.94,103.95,104.05,103.77,,-0.02%
2/22/2024,103.96,103.91,104.13,103.43,,-0.05%
2/21/2024,104.01,104.04,104.21,103.94,,-0.07%
2/20/2024,104.08,104.32,104.41,103.8,,-0.20%
2/19/2024,104.29,104.28,104.37,104.14,,0.00%
2/16/2024,104.3,104.3,104.67,104.17,,0.00%
2/15/2024,104.3,104.66,104.71,104.18,,-0.41%
2/14/2024,104.72,104.83,104.98,104.66,,-0.23%
2/13/2024,104.96,104.18,104.96,103.97,,0.76%
2/12/2024,104.17,104.08,104.28,103.89,,0.06%
2/9/2024,104.11,104.14,104.26,103.95,,-0.05%
2/8/2024,104.17,104.03,104.43,103.96,,0.10%
2/7/2024,104.06,104.15,104.17,103.94,,-0.15%
2/6/2024,104.21,104.44,104.59,104.14,,-0.23%
2/5/2024,104.45,103.96,104.6,103.96,,0.51%
2/2/2024,103.92,102.99,104.04,102.9,,0.85%
2/1/2024,103.05,103.51,103.81,103.02,,-0.22%
1/31/2024,103.27,103.42,103.74,102.94,,-0.12%
1/30/2024,103.4,103.44,103.61,103.31,,-0.20%
1/29/2024,103.61,103.47,103.82,103.4,,0.17%
1/26/2024,103.43,103.51,103.73,103.15,,-0.14%
1/25/2024,103.57,103.35,103.68,103.12,,0.33%
1/24/2024,103.24,103.51,103.55,102.77,,-0.37%
1/23/2024,103.62,103.35,103.82,102.98,,0.28%
1/22/2024,103.33,103.24,103.37,103.11,,0.04%
1/19/2024,103.29,103.37,103.55,103.24,,-0.24%
1/18/2024,103.54,103.37,103.63,103.15,,0.08%
1/17/2024,103.45,103.36,103.69,103.26,,0.09%
1/16/2024,103.36,102.74,103.43,102.74,,0.93%
1/15/2024,102.4,102.44,102.67,102.31,,0.00%
1/12/2024,102.4,102.3,102.59,102.09,,0.11%
1/11/2024,102.29,102.3,102.76,102.16,,-0.07%
1/10/2024,102.36,102.48,102.64,102.34,,-0.20%
1/9/2024,102.57,102.22,102.66,102.11,,0.35%
1/8/2024,102.21,102.43,102.62,102.07,,-0.20%
1/5/2024,102.41,102.39,103.1,101.91,,-0.01%
1/4/2024,102.42,102.46,102.53,102.14,,-0.07%
1/3/2024,102.49,102.15,102.73,102.07,,0.29%
1/2/2024,102.2,101.42,102.25,101.34,,0.81%
12/31/2023,101.38,101.38,101.38,101.38,,0.05%
12/29/2023,101.33,101.2,101.42,101.07,,0.10%
12/28/2023,101.23,100.87,101.3,100.62,,0.24%
12/27/2023,100.99,101.55,101.57,100.83,,-0.47%
12/26/2023,101.47,101.65,101.77,101.44,,-0.24%
12/24/2023,101.71,101.71,101.71,101.71,,0.01%
12/22/2023,101.7,101.76,101.89,101.43,,-0.14%
12/21/2023,101.84,102.39,102.45,101.74,,-0.55%
12/20/2023,102.41,102.19,102.54,102.16,,0.24%
12/19/2023,102.17,102.47,102.63,102.07,,-0.38%
12/18/2023,102.56,102.59,102.63,102.38,,0.01%
12/15/2023,102.55,102.1,102.64,101.84,,0.58%
12/14/2023,101.96,102.78,102.8,101.77,,-0.89%
12/13/2023,102.87,103.82,104.03,102.78,,-0.96%
12/12/2023,103.86,104.03,104.1,103.49,,-0.22%
12/11/2023,104.1,103.98,104.26,103.93,,0.08%
12/8/2023,104.01,103.64,104.26,103.43,,0.45%
12/7/2023,103.54,104.11,104.2,103.27,,-0.59%
12/6/2023,104.15,103.99,104.23,103.87,,0.10%
12/5/2023,104.05,103.56,104.09,103.55,,0.33%
12/4/2023,103.71,103.19,103.85,103.06,,0.43%
12/1/2023,103.27,103.36,103.72,103.11,,-0.22%
11/30/2023,103.5,102.83,103.59,102.72,,0.71%
11/29/2023,102.76,102.65,103.01,102.47,,0.02%
11/28/2023,102.75,103.13,103.32,102.61,,-0.44%
11/27/2023,103.2,103.42,103.53,103.19,,-0.20%
11/24/2023,103.4,103.75,103.84,103.36,,-0.35%
11/23/2023,103.77,103.86,103.88,103.54,,-0.15%
11/22/2023,103.92,103.55,104.21,103.48,,0.34%
11/21/2023,103.57,103.47,103.71,103.18,,0.12%
11/20/2023,103.44,103.82,103.97,103.38,,-0.46%
11/17/2023,103.92,104.4,104.55,103.81,,-0.41%
11/16/2023,104.35,104.36,104.56,104.01,,-0.04%
11/15/2023,104.39,104.22,104.51,103.98,,0.33%
11/14/2023,104.05,105.65,105.73,103.99,,-1.49%
11/13/2023,105.63,105.8,105.96,105.59,,-0.22%
11/10/2023,105.86,105.93,106.01,105.74,,-0.05%
11/9/2023,105.91,105.53,105.97,105.38,,0.30%
11/8/2023,105.59,105.54,105.87,105.45,,0.05%
11/7/2023,105.54,105.27,105.78,105.27,,0.31%
11/6/2023,105.21,105.07,105.29,104.85,,0.18%
11/3/2023,105.02,106.2,106.22,104.94,,-1.04%
11/2/2023,106.12,106.5,106.51,105.81,,-0.71%
11/1/2023,106.88,106.67,107.11,106.61,,0.21%
10/31/2023,106.66,106.16,106.86,105.91,,0.51%
10/30/2023,106.12,106.58,106.7,106.06,,-0.41%
10/27/2023,106.56,106.58,106.8,106.32,,-0.04%
10/26/2023,106.6,106.58,106.89,106.53,,0.07%
10/25/2023,106.53,106.25,106.57,106.14,,0.24%
10/24/2023,106.27,105.61,106.32,105.36,,0.70%
10/23/2023,105.54,106.16,106.33,105.52,,-0.59%
10/20/2023,106.16,106.25,106.42,106.07,,-0.08%
10/19/2023,106.25,106.54,106.67,105.97,,-0.29%
10/18/2023,106.57,106.22,106.64,106.01,,0.30%
10/17/2023,106.25,106.26,106.53,106.02,,0.01%
10/16/2023,106.24,106.58,106.63,106.18,,-0.38%
10/13/2023,106.65,106.52,106.79,106.29,,0.05%
10/12/2023,106.6,105.67,106.6,105.54,,0.74%
10/11/2023,105.82,105.73,106.01,105.56,,0.00%
10/10/2023,105.82,106.03,106.25,105.66,,-0.24%
10/9/2023,106.08,106.1,106.6,106.02,,0.04%
10/6/2023,106.04,106.36,106.97,105.95,,-0.27%
10/5/2023,106.33,106.77,106.86,106.32,,-0.44%
10/4/2023,106.8,107.06,107.24,106.51,,-0.19%
10/3/2023,107,107.03,107.35,106.91,,0.09%
10/2/2023,106.9,106.17,107.03,106.04,,0.64%
9/29/2023,106.22,106.15,106.24,105.66,,0.00%
9/28/2023,106.22,106.68,106.75,106.02,,-0.41%
9/27/2023,106.67,106.22,106.84,106.17,,0.41%
9/26/2023,106.23,105.94,106.26,105.86,,0.22%
9/25/2023,106,105.57,106.1,105.52,,0.39%
9/22/2023,105.58,105.38,105.78,105.32,,0.21%
9/21/2023,105.36,105.44,105.74,105.28,,0.23%
9/20/2023,105.12,105.11,105.44,104.67,,-0.04%
9/19/2023,105.16,105.08,105.21,104.82,,-0.04%
9/18/2023,105.2,105.3,105.36,105.02,,-0.11%
9/15/2023,105.32,105.38,105.41,105.08,,-0.08%
9/14/2023,105.4,104.74,105.43,104.56,,0.61%
9/13/2023,104.77,104.58,104.97,104.51,,0.05%
9/12/2023,104.71,104.56,104.92,104.46,,0.14%
9/11/2023,104.57,105.06,104.94,104.42,,-0.50%
9/8/2023,105.09,105.06,105.1,104.66,,0.03%
9/7/2023,105.06,104.86,105.16,104.8,,0.19%
9/6/2023,104.86,104.75,105.02,104.59,,0.05%
9/5/2023,104.81,104.13,104.91,104.11,,0.55%
9/4/2023,104.24,104.26,104.27,104.03,,0.00%
9/1/2023,104.24,103.62,104.29,103.27,,0.60%
8/31/2023,103.62,103.1,103.74,103.01,,0.45%
8/30/2023,103.16,103.44,103.7,102.94,,-0.36%
8/29/2023,103.53,103.92,104.36,103.36,,-0.51%
8/28/2023,104.06,104.19,104.21,103.97,,-0.02%
8/25/2023,104.08,104.1,104.45,103.74,,0.09%
8/24/2023,103.98,103.36,104.03,103.27,,0.54%
8/23/2023,103.42,103.58,103.98,103.3,,-0.14%
8/22/2023,103.56,103.33,103.72,103.01,,0.25%
8/21/2023,103.3,103.43,103.5,103.14,,-0.07%
8/18/2023,103.38,103.4,103.68,103.22,,-0.19%
8/17/2023,103.57,103.47,103.6,103.06,,0.14%
8/16/2023,103.43,103.21,103.53,102.94,,0.22%
8/15/2023,103.21,103.21,103.28,103.15,,0.02%
8/14/2023,103.19,102.85,103.46,102.77,,0.34%
8/11/2023,102.84,102.62,102.91,102.42,,0.31%
8/10/2023,102.52,102.48,102.65,101.78,,0.03%
8/9/2023,102.49,102.55,102.58,102.29,,-0.04%
8/8/2023,102.53,102.07,102.8,102.07,,0.47%
8/7/2023,102.05,101.99,102.38,101.97,,0.03%
8/4/2023,102.02,102.45,102.62,101.74,,-0.51%
8/3/2023,102.54,102.59,102.84,102.36,,-0.05%
8/2/2023,102.59,101.96,102.78,101.96,,0.28%
8/1/2023,102.3,101.87,102.43,101.85,,0.44%
7/31/2023,101.86,101.89,101.9,101.86,,0.23%
7/28/2023,101.62,101.69,102.04,101.36,,-0.15%
7/27/2023,101.77,101.11,101.84,100.55,,0.88%
7/26/2023,100.89,101.32,101.44,100.86,,-0.46%
7/25/2023,101.35,101.42,101.65,101.19,,0.00%
7/24/2023,101.35,101.05,101.43,100.89,,0.27%
7/21/2023,101.07,100.78,101.19,100.72,,0.19%
7/20/2023,100.88,100.78,100.97,100.02,,0.60%
7/19/2023,100.28,99.98,100.53,99.92,,0.34%
7/18/2023,99.94,99.89,100.11,99.59,,0.10%
7/17/2023,99.84,99.96,100.18,99.75,,-0.07%
7/14/2023,99.91,99.75,100.01,99.58,,0.14%
7/13/2023,99.77,100.52,100.61,99.74,,-0.75%
7/12/2023,100.52,101.59,101.61,100.51,,-1.19%
7/11/2023,101.73,101.94,101.97,101.65,,-0.24%
7/10/2023,101.97,102.29,102.56,101.95,,-0.29%
7/7/2023,102.27,103.08,103.19,102.23,,-0.77%
7/6/2023,103.07,103.35,103.57,102.92,,-0.29%
7/5/2023,103.37,103.08,103.39,102.96,,0.32%
7/4/2023,103.04,102.97,103.11,102.88,,0.07%
7/3/2023,102.96,102.93,103.27,102.75,,0.05%
6/30/2023,102.91,103.35,103.54,102.75,,-0.42%
6/29/2023,103.34,102.96,103.44,102.78,,0.42%
6/28/2023,102.9,102.51,103.14,102.47,,0.40%
6/27/2023,102.49,102.74,102.8,102.32,,-0.19%
6/26/2023,102.69,102.87,102.83,102.61,,-0.21%
6/23/2023,102.9,102.38,103.17,102.38,,0.50%
6/22/2023,102.39,102.03,102.47,101.92,,0.31%
6/21/2023,102.07,102.5,102.71,102.02,,-0.46%
6/20/2023,102.54,102.48,102.79,102.32,,0.02%
6/19/2023,102.52,102.3,102.55,102.25,,0.27%
6/16/2023,102.24,102.12,102.43,102.01,,0.13%
6/15/2023,102.11,102.96,103.38,102.09,,-0.81%
6/14/2023,102.95,103.32,103.4,102.66,,-0.38%
6/13/2023,103.34,103.58,103.62,103.05,,-0.30%
6/12/2023,103.65,103.55,103.76,103.24,,0.09%
6/9/2023,103.56,103.3,103.61,103.29,,0.21%
6/8/2023,103.34,104.07,104.07,103.3,,-0.73%
6/7/2023,104.1,104.12,104.3,103.66,,-0.02%
6/6/2023,104.13,104.01,104.37,103.82,,0.12%
6/5/2023,104,104.04,104.4,103.93,,-0.01%
6/2/2023,104.01,103.56,104.09,103.38,,0.44%
6/1/2023,103.56,104.15,104.5,103.5,,-0.73%
5/31/2023,104.33,104.05,104.7,104.01,,0.15%
5/30/2023,104.17,104.3,104.53,103.88,,-0.09%
5/29/2023,104.26,104.24,104.31,104.04,,0.06%
5/26/2023,104.21,104.23,104.42,103.85,,-0.04%
5/25/2023,104.25,103.86,104.31,103.84,,0.35%
5/24/2023,103.89,103.54,103.91,103.35,,0.39%
5/23/2023,103.49,103.27,103.65,103.16,,0.28%
5/22/2023,103.2,103.19,103.37,102.96,,0.00%
5/19/2023,103.2,103.51,103.62,103,,-0.37%
5/18/2023,103.58,102.9,103.62,102.79,,0.68%
5/17/2023,102.88,102.61,103.11,102.54,,0.31%
5/16/2023,102.56,102.43,102.69,102.2,,0.13%
5/15/2023,102.43,102.71,102.75,102.38,,-0.24%
5/12/2023,102.68,102.1,102.71,101.94,,0.61%
5/11/2023,102.06,101.41,102.15,101.3,,0.57%
5/10/2023,101.48,101.62,101.81,101.21,,-0.13%
5/9/2023,101.61,101.4,101.83,101.36,,0.22%
5/8/2023,101.38,101.28,101.42,101.04,,0.16%
5/5/2023,101.21,101.34,101.78,101.12,,-0.18%
5/4/2023,101.4,101.2,101.64,101.03,,0.06%
5/3/2023,101.34,101.86,101.92,101.07,,-0.60%
5/2/2023,101.96,102.14,102.4,101.88,,-0.19%
5/1/2023,102.15,101.67,102.19,101.62,,0.48%
4/28/2023,101.66,101.47,102.17,101.42,,0.15%
4/27/2023,101.5,101.4,101.8,101.28,,0.04%
4/26/2023,101.47,101.82,101.89,101.01,,-0.39%
4/25/2023,101.86,101.26,101.95,101.2,,0.51%
4/24/2023,101.35,101.72,101.91,101.32,,-0.47%
4/21/2023,101.82,101.8,102.12,101.65,,-0.02%
4/20/2023,101.84,101.99,102.13,101.63,,-0.13%
4/19/2023,101.97,101.71,102.23,101.66,,0.22%
4/18/2023,101.75,102.1,102.14,101.64,,-0.35%
4/17/2023,102.1,101.58,102.23,101.53,,0.54%
4/14/2023,101.55,101,101.75,100.79,,0.54%
4/13/2023,101.01,101.47,101.6,100.85,,-0.48%
4/12/2023,101.5,102.13,102.16,101.45,,-0.69%
4/11/2023,102.2,102.52,102.51,102.01,,-0.36%
4/10/2023,102.58,102.1,102.81,101.99,,0.48%
4/7/2023,102.09,101.94,102.3,101.88,,0.27%
4/6/2023,101.82,101.83,102.14,101.75,,-0.03%
4/5/2023,101.85,101.52,101.99,101.42,,0.26%
4/4/2023,101.59,102.01,102.28,101.46,,-0.50%
4/3/2023,102.09,102.59,103.06,101.98,,-0.40%
3/31/2023,102.51,102.2,102.63,102.05,,0.35%
3/30/2023,102.14,102.62,102.78,102.07,,-0.48%
3/29/2023,102.64,102.49,102.79,102.37,,0.21%
3/28/2023,102.43,102.75,102.76,102.38,,-0.42%
3/27/2023,102.86,103.11,103.23,102.83,,-0.25%
3/24/2023,103.12,102.6,103.36,102.5,,0.57%
3/23/2023,102.53,102.5,102.64,101.92,,0.18%
3/22/2023,102.35,103.19,103.26,102.07,,-0.88%
3/21/2023,103.26,103.31,103.51,103,,-0.02%
3/20/2023,103.28,103.86,103.96,103.28,,-0.41%
3/17/2023,103.71,104.41,104.44,103.69,,-0.68%
3/16/2023,104.42,104.62,104.74,104.2,,-0.22%
3/15/2023,104.65,103.74,105.1,103.44,,1.01%
3/14/2023,103.6,103.67,104.05,103.5,,0.00%
3/13/2023,103.6,104.64,104.64,103.48,,-0.94%
3/10/2023,104.58,105.13,105.35,104.04,,-0.70%
3/9/2023,105.31,105.62,105.73,105.15,,-0.33%
3/8/2023,105.66,105.67,105.88,105.36,,0.04%
3/7/2023,105.61,104.3,105.65,104.12,,1.21%
3/6/2023,104.35,104.53,104.69,104.16,,-0.16%
3/3/2023,104.52,104.94,105,104.49,,-0.48%
3/2/2023,105.03,104.39,105.18,104.39,,0.52%
3/1/2023,104.48,105.04,105.09,104.09,,-0.37%
2/28/2023,104.87,104.63,105,104.42,,0.19%
2/27/2023,104.67,105.26,105.36,104.55,,-0.51%
2/24/2023,105.21,104.56,105.32,104.42,,0.59%
2/23/2023,104.6,104.5,104.78,104.31,,0.01%
2/22/2023,104.58,104.13,104.6,104.01,,0.39%
2/21/2023,104.18,103.91,104.26,103.77,,0.31%
2/20/2023,103.86,103.88,104.09,103.76,,0.00%
2/17/2023,103.86,104.2,104.67,103.84,,0.01%
2/16/2023,103.86,103.88,104.23,103.53,,-0.06%
2/15/2023,103.92,103.21,104.11,103.16,,0.67%
2/14/2023,103.23,103.22,103.52,102.59,,-0.11%
2/13/2023,103.35,103.58,103.84,103.24,,-0.28%
2/10/2023,103.63,103.25,103.68,102.9,,0.40%
2/9/2023,103.22,103.43,103.55,102.64,,-0.18%
2/8/2023,103.41,103.27,103.52,103,,-0.02%
2/7/2023,103.43,103.54,103.96,103,,-0.19%
2/6/2023,103.62,103.1,103.76,103.01,,0.69%
2/3/2023,102.92,101.83,103.01,101.55,,1.14%
2/2/2023,101.75,100.85,101.91,100.82,,0.53%
2/1/2023,101.22,102.1,102.18,101.04,,-0.86%
1/31/2023,102.1,102.19,102.61,102.01,,-0.18%
1/30/2023,102.28,101.92,102.31,101.66,,0.34%
1/27/2023,101.93,101.71,102.19,101.68,,0.09%
1/26/2023,101.84,101.58,102.18,101.5,,0.19%
1/25/2023,101.64,102,102.12,101.58,,-0.27%
1/24/2023,101.92,101.99,102.43,101.72,,-0.22%
1/23/2023,102.14,101.99,102.28,101.59,,0.12%
1/20/2023,102.01,102.07,102.55,101.94,,-0.05%
1/19/2023,102.06,102.38,102.48,101.99,,-0.30%
1/18/2023,102.36,102.46,102.9,101.53,,-0.03%
1/17/2023,102.39,102.32,102.56,101.94,,0.12%
1/16/2023,102.27,102.18,102.56,101.77,,0.06%
1/13/2023,102.2,102.21,102.65,101.99,,-0.04%
1/12/2023,102.25,103.06,103.29,102.08,,-0.91%
1/11/2023,103.19,103.22,103.48,103.11,,-0.05%
1/10/2023,103.24,103.29,103.49,103.03,,0.23%
1/9/2023,103,103.91,103.93,102.94,,-0.85%
1/6/2023,103.88,105.05,105.63,103.87,,-1.11%
1/5/2023,105.04,104.07,105.27,103.99,,0.76%
1/4/2023,104.25,104.58,104.6,103.83,,-0.26%
1/3/2023,104.52,103.66,104.86,103.47,,0.99%
1/1/2023,103.49,103.49,103.49,103.49,,-0.03%
12/30/2022,103.52,103.95,104.1,103.39,,-0.30%
12/29/2022,103.84,104.37,104.45,103.78,,-0.60%
12/28/2022,104.46,104.33,104.56,103.85,,0.27%
12/27/2022,104.18,104.12,104.4,103.89,,-0.14%
12/25/2022,104.32,104.32,104.32,104.32,,0.01%
12/23/2022,104.31,104.39,104.54,104.12,,-0.11%
12/22/2022,104.43,104.22,104.6,103.75,,0.26%
12/21/2022,104.16,103.95,104.38,103.85,,0.19%
12/20/2022,103.96,104.73,104.79,103.78,,-0.72%
12/19/2022,104.72,104.84,104.93,104.13,,0.02%
12/16/2022,104.7,104.45,104.84,104.21,,0.14%
12/15/2022,104.56,103.67,104.88,103.54,,0.76%
12/14/2022,103.77,104.07,104.16,103.45,,-0.20%
12/13/2022,103.98,104.99,105.1,103.59,,-1.09%
12/12/2022,105.13,104.93,105.25,104.67,,0.31%
12/9/2022,104.81,104.86,105.14,104.48,,0.03%
12/8/2022,104.77,105.2,105.43,104.72,,-0.31%
12/7/2022,105.1,105.63,105.82,104.88,,-0.45%
12/6/2022,105.58,105.16,105.63,104.89,,0.27%
12/5/2022,105.29,104.51,105.4,104.11,,0.71%
12/2/2022,104.54,104.82,105.58,104.38,,-0.17%
12/1/2022,104.73,105.7,105.9,104.66,,-1.15%
11/30/2022,105.95,106.72,107.19,105.78,,-0.82%
11/29/2022,106.82,106.57,106.88,106.06,,0.13%
11/28/2022,106.68,106.06,106.75,105.32,,0.68%
11/25/2022,105.96,105.96,106.42,105.69,,0.13%
11/24/2022,105.82,105.99,106.08,105.63,,-0.24%
11/23/2022,106.08,107.08,107.22,106.03,,-1.07%
11/22/2022,107.22,107.7,107.75,107.12,,-0.57%
11/21/2022,107.83,106.97,107.99,106.89,,0.85%
11/18/2022,106.93,106.69,107.04,106.34,,0.22%
11/17/2022,106.69,106.27,107.24,106.1,,0.39%
11/16/2022,106.28,106.58,106.78,105.86,,-0.12%
11/15/2022,106.4,107,107.1,105.34,,-0.24%
11/14/2022,106.66,106.42,107.27,106.48,,0.35%
11/11/2022,106.29,108.24,108.44,106.28,,-1.77%
11/10/2022,108.21,110.3,110.99,107.71,,-2.12%
11/9/2022,110.55,109.65,110.64,109.45,,0.83%
11/8/2022,109.64,110.06,110.61,109.37,,-0.44%
11/7/2022,110.12,110.79,111.27,110.05,,-0.68%
11/4/2022,110.88,112.97,112.99,110.71,,-1.82%
11/3/2022,112.93,112.17,113.15,111.82,,1.42%
11/2/2022,111.35,111.54,112.15,110.43,,-0.12%
11/1/2022,111.48,111.52,111.78,110.72,,-0.04%
10/31/2022,111.53,110.67,111.67,110.72,,0.70%
10/28/2022,110.75,110.5,111.04,110.29,,0.15%
10/27/2022,110.59,109.62,110.62,109.54,,0.81%
10/26/2022,109.7,110.96,111.14,109.63,,-1.13%
10/25/2022,110.95,111.82,112.13,110.76,,-0.93%
10/24/2022,111.99,111.88,112.53,111.47,,-0.02%
10/21/2022,112.01,112.94,113.94,111.7,,-0.77%
10/20/2022,112.88,112.99,113.09,112.17,,-0.09%
10/19/2022,112.98,111.91,113.1,111.92,,0.76%
10/18/2022,112.13,112.07,112.46,111.77,,0.08%
10/17/2022,112.04,113.22,113.22,111.92,,-1.12%
10/14/2022,113.31,112.47,113.42,112.16,,0.84%
10/13/2022,112.36,113.24,113.92,112.15,,-0.84%
10/12/2022,113.32,113.31,113.59,113.05,,0.09%
10/11/2022,113.22,113.08,113.5,112.41,,0.07%
10/10/2022,113.14,112.75,113.33,112.62,,0.31%
10/7/2022,112.79,112.25,112.88,111.95,,0.48%
10/6/2022,112.26,111.02,112.31,110.78,,1.07%
10/5/2022,111.07,110.22,111.74,110.09,,0.92%
10/4/2022,110.07,111.59,111.89,110.06,,-1.50%
10/3/2022,111.75,112.17,112.54,111.47,,-0.33%
9/30/2022,112.12,111.75,112.67,111.58,,-0.12%
9/29/2022,112.25,113.01,113.79,111.77,,-0.31%
9/28/2022,112.6,114.18,114.78,112.56,,-1.32%
9/27/2022,114.11,114.02,114.47,113.33,,0.00%
9/26/2022,114.1,113.02,114.53,112.94,,0.80%
9/23/2022,113.19,111.24,113.23,111.08,,1.65%
9/22/2022,111.35,111.48,111.81,110.46,,0.64%
9/21/2022,110.64,110.16,111.58,110.13,,0.39%
9/20/2022,110.21,109.58,110.29,109.36,,0.44%
9/19/2022,109.74,109.64,110.18,109.49,,-0.02%
9/16/2022,109.76,109.8,110.26,109.47,,0.02%
9/15/2022,109.74,109.61,109.92,109.42,,0.07%
9/14/2022,109.66,109.97,109.93,109.28,,-0.14%
9/13/2022,109.82,108.23,110.01,107.68,,1.37%
9/12/2022,108.33,108.6,108.86,107.81,,-0.62%
9/9/2022,109,109.57,109.54,108.36,,-0.64%
9/8/2022,109.71,109.67,110.24,109.33,,-0.12%
9/7/2022,109.84,110.32,110.79,109.53,,-0.34%
9/6/2022,110.21,109.6,110.55,109.38,,0.35%
9/5/2022,109.83,109.61,110.27,109.72,,0.27%
9/2/2022,109.53,109.64,109.72,108.93,,-0.14%
9/1/2022,109.69,108.84,109.98,108.77,,0.91%
8/31/2022,108.7,108.75,109.2,108.38,,-0.07%
8/30/2022,108.77,108.7,109.11,108.29,,-0.06%
8/29/2022,108.83,108.84,109.48,108.49,,0.03%
8/26/2022,108.8,108.47,108.87,107.59,,0.31%
8/25/2022,108.47,108.63,108.69,107.99,,-0.19%
8/24/2022,108.68,108.52,109.11,108.36,,0.05%
8/23/2022,108.62,109,109.27,108.08,,-0.39%
8/22/2022,109.05,108.1,109.1,108.08,,0.81%
8/19/2022,108.17,107.5,108.21,107.47,,0.64%
8/18/2022,107.48,106.68,107.56,106.5,,0.85%
8/17/2022,106.57,106.45,106.89,106.31,,0.07%
8/16/2022,106.5,106.48,106.94,106.32,,-0.04%
8/15/2022,106.55,105.67,106.55,105.55,,0.87%
8/12/2022,105.63,105.16,105.88,105.09,,0.51%
8/11/2022,105.09,105.21,105.46,104.65,,-0.10%
8/10/2022,105.2,106.34,106.4,104.64,,-1.11%
8/9/2022,106.37,106.33,106.41,105.97,,-0.06%
8/8/2022,106.43,106.58,106.8,106.09,,-0.17%
8/5/2022,106.62,105.72,106.93,105.69,,0.88%
8/4/2022,105.69,106.48,106.51,105.67,,-0.76%
8/3/2022,106.51,106.43,106.82,105.97,,0.25%
8/2/2022,106.24,105.36,106.35,105.05,,0.75%
8/1/2022,105.45,105.83,106.03,105.24,,-0.43%
7/29/2022,105.9,106.21,106.66,105.54,,-0.42%
7/28/2022,106.35,106.37,106.97,106.06,,-0.09%
7/27/2022,106.45,107.13,107.43,106.26,,-0.69%
7/26/2022,107.19,106.45,107.28,106.2,,0.66%
7/25/2022,106.48,106.54,106.88,106.19,,-0.23%
7/22/2022,106.73,106.59,107.36,106.11,,-0.17%
7/21/2022,106.91,107.08,107.32,106.42,,-0.16%
7/20/2022,107.08,106.67,107.25,106.39,,0.37%
7/19/2022,106.68,107.49,107.63,106.4,,-0.64%
7/18/2022,107.37,107.98,108.04,106.89,,-0.64%
7/15/2022,108.06,108.67,108.71,107.91,,-0.44%
7/14/2022,108.54,108.14,109.29,108.14,,0.54%
7/13/2022,107.96,108.18,108.58,107.48,,-0.11%
7/12/2022,108.07,108.18,108.56,107.84,,0.05%
7/11/2022,108.02,106.89,108.27,106.92,,0.95%
7/8/2022,107.01,107.04,107.79,106.81,,-0.11%
7/7/2022,107.13,107.07,107.24,106.71,,0.03%
7/6/2022,107.1,106.49,107.26,106.36,,0.53%
7/5/2022,106.54,105.14,106.79,105.05,,1.33%
7/4/2022,105.14,105.12,105.25,104.82,,0.00%
7/1/2022,105.14,104.78,105.64,104.74,,0.43%
6/30/2022,104.68,105.06,105.54,104.64,,-0.40%
6/29/2022,105.11,104.46,105.15,104.36,,0.57%
6/28/2022,104.51,103.97,104.61,103.77,,0.55%
6/27/2022,103.94,104.12,104.21,103.67,,-0.24%
6/24/2022,104.18,104.38,104.51,103.95,,-0.24%
6/23/2022,104.43,104.21,104.77,104.06,,0.22%
6/22/2022,104.2,104.43,104.95,103.86,,-0.23%
6/21/2022,104.43,104.44,104.54,103.94,,-0.25%
6/20/2022,104.7,104.65,104.82,104.23,,0.00%
6/17/2022,104.7,103.88,105.08,103.83,,1.03%
6/16/2022,103.63,104.9,105.49,103.42,,-1.45%
6/15/2022,105.16,105.35,105.79,104.66,,-0.34%
6/14/2022,105.52,105.19,105.65,104.62,,0.42%
6/13/2022,105.08,104.19,105.29,104.21,,0.89%
6/10/2022,104.15,103.34,104.23,103.05,,0.90%
6/9/2022,103.22,102.56,103.37,102.15,,0.66%
6/8/2022,102.54,102.39,102.78,102.27,,0.22%
6/7/2022,102.32,102.49,102.84,102.26,,-0.12%
6/6/2022,102.44,102.17,102.47,101.85,,0.29%
6/3/2022,102.14,101.75,102.22,101.64,,0.31%
6/2/2022,101.82,102.55,102.62,101.74,,-0.66%
6/1/2022,102.5,101.76,102.73,101.74,,0.73%
5/31/2022,101.75,101.43,102.17,101.41,,0.08%
5/30/2022,101.67,101.64,101.72,101.3,,0.00%
5/27/2022,101.67,101.72,101.94,101.43,,-0.16%
5/26/2022,101.83,102.02,102.27,101.74,,-0.22%
5/25/2022,102.06,101.77,102.45,101.73,,0.20%
5/24/2022,101.86,102.11,102.32,101.65,,-0.21%
5/23/2022,102.08,103.03,103.05,102.04,,-1.04%
5/20/2022,103.15,102.9,103.26,102.77,,0.41%
5/19/2022,102.72,103.83,103.88,102.66,,-1.05%
5/18/2022,103.81,103.34,103.93,103.19,,0.44%
5/17/2022,103.36,104.17,104.23,103.23,,-0.79%
5/16/2022,104.19,104.46,104.64,104.14,,-0.36%
5/13/2022,104.56,104.77,105,104.46,,-0.27%
5/12/2022,104.85,104.01,104.93,103.88,,0.97%
5/11/2022,103.85,103.9,104.11,103.37,,-0.07%
5/10/2022,103.92,103.73,103.98,103.5,,0.26%
5/9/2022,103.65,103.66,104.19,103.39,,-0.01%
5/6/2022,103.66,103.56,104.06,103.19,,-0.09%
5/5/2022,103.75,102.68,103.94,102.35,,1.14%
5/4/2022,102.59,103.46,103.61,102.46,,-0.85%
5/3/2022,103.46,103.6,103.67,103.03,,-0.27%
5/2/2022,103.74,103.21,103.75,103.11,,0.76%
4/29/2022,102.96,103.67,103.67,102.82,,-0.64%
4/28/2022,103.62,103.04,103.93,102.98,,0.65%
4/27/2022,102.95,102.28,103.28,102.22,,0.64%
4/26/2022,102.3,101.73,102.36,101.51,,0.54%
4/25/2022,101.75,101.12,101.86,101.04,,0.53%
4/22/2022,101.22,100.62,101.33,100.47,,0.64%
4/21/2022,100.58,100.35,100.64,99.82,,0.19%
4/20/2022,100.39,100.98,101.04,100.22,,-0.57%
4/19/2022,100.96,100.83,101.03,100.7,,0.18%
4/18/2022,100.78,100.5,100.86,100.46,,0.46%
4/15/2022,100.32,100.42,100.57,100.32,,0.00%
4/14/2022,100.32,99.79,100.76,99.57,,0.45%
4/13/2022,99.88,100.34,100.52,99.83,,-0.42%
4/12/2022,100.29,100.04,100.33,99.74,,0.36%
4/11/2022,99.93,99.84,100.05,99.61,,0.14%
4/8/2022,99.8,99.82,100.19,99.74,,0.05%
4/7/2022,99.75,99.65,99.83,99.4,,0.15%
4/6/2022,99.6,99.47,99.77,99.31,,0.13%
4/5/2022,99.47,99,99.52,98.84,,0.48%
4/4/2022,99,98.57,99.08,98.52,,0.37%
4/1/2022,98.63,98.33,98.74,98.31,,0.33%
3/31/2022,98.31,97.83,98.4,97.69,,0.53%
3/30/2022,97.79,98.37,98.43,97.68,,-0.62%
3/29/2022,98.4,99.08,99.29,98.04,,-0.69%
3/28/2022,99.09,98.81,99.37,98.8,,0.31%
3/25/2022,98.79,98.75,98.83,98.4,,0.00%
3/24/2022,98.79,98.64,98.96,98.6,,0.17%
3/23/2022,98.62,98.47,98.88,98.39,,0.13%
3/22/2022,98.49,98.49,98.96,98.32,,-0.01%
3/21/2022,98.5,98.24,98.53,98.16,,0.27%
3/18/2022,98.23,98,98.62,97.84,,0.26%
3/17/2022,97.97,98.5,98.51,97.73,,-0.65%
3/16/2022,98.62,98.89,99.08,98.29,,-0.48%
3/15/2022,99.1,99.13,99.2,98.64,,0.10%
3/14/2022,99,99.13,99.29,98.68,,-0.13%
3/11/2022,99.12,98.36,99.16,98.27,,0.63%
3/10/2022,98.51,98.06,98.6,97.71,,0.55%
3/9/2022,97.97,99.12,99.12,97.85,,-1.10%
3/8/2022,99.06,99.24,99.32,98.71,,-0.23%
3/7/2022,99.29,98.51,99.42,98.51,,0.65%
3/4/2022,98.65,98.04,98.92,97.84,,0.88%
3/3/2022,97.79,97.47,97.95,97.43,,0.41%
3/2/2022,97.39,97.37,97.83,97.29,,-0.02%
3/1/2022,97.41,96.76,97.58,96.63,,0.73%
2/28/2022,96.71,96.54,97.42,96.54,,0.10%
2/25/2022,96.61,97,97.22,96.52,,-0.54%
2/24/2022,97.14,96.22,97.74,96.22,,0.98%
2/23/2022,96.19,96.04,96.24,95.85,,0.17%
2/22/2022,96.03,96.08,96.26,95.84,,-0.06%
2/21/2022,96.08,96.11,96.15,95.69,,0.04%
2/18/2022,96.04,95.83,96.17,95.73,,0.25%
2/17/2022,95.8,95.77,96.11,95.71,,0.10%
2/16/2022,95.7,96.01,96.06,95.68,,-0.30%
2/15/2022,95.99,96.24,96.29,95.96,,-0.40%
2/14/2022,96.37,96.03,96.43,95.91,,0.30%
2/11/2022,96.08,95.94,96.11,95.64,,0.55%
2/10/2022,95.55,95.57,96,95.17,,0.06%
2/9/2022,95.49,95.59,95.67,95.38,,-0.16%
2/8/2022,95.64,95.43,95.75,95.4,,0.26%
2/7/2022,95.4,95.48,95.63,95.35,,-0.09%
2/4/2022,95.49,95.31,95.7,95.14,,0.11%
2/3/2022,95.38,96.02,96.25,95.24,,-0.58%
2/2/2022,95.94,96.27,96.3,95.81,,-0.47%
2/1/2022,96.39,96.7,96.72,96.24,,-0.16%
1/31/2022,96.54,97.22,97.3,96.52,,-0.75%
1/28/2022,97.27,97.25,97.44,97.06,,0.02%
1/27/2022,97.25,96.54,97.29,96.53,,0.90%
1/26/2022,96.39,95.96,96.54,95.91,,0.46%
1/25/2022,95.95,95.93,96.27,95.9,,0.03%
1/24/2022,95.92,95.64,96.13,95.63,,0.29%
1/21/2022,95.64,95.81,95.84,95.5,,-0.10%
1/20/2022,95.74,95.59,95.86,95.42,,0.24%
1/19/2022,95.51,95.77,95.79,95.49,,-0.23%
1/18/2022,95.73,95.22,95.83,95.13,,0.50%
1/17/2022,95.26,95.17,95.35,95.04,,0.10%
1/14/2022,95.17,94.87,95.27,94.63,,0.40%
1/13/2022,94.79,94.99,95.02,94.66,,-0.13%
1/12/2022,94.92,95.58,95.69,94.91,,-0.74%
1/11/2022,95.62,95.93,96.07,95.58,,-0.38%
1/10/2022,95.99,95.74,96.23,95.74,,0.28%
1/7/2022,95.72,96.26,96.29,95.71,,-0.62%
1/6/2022,96.32,96.2,96.39,96.04,,0.15%
1/5/2022,96.17,96.31,96.33,95.89,,-0.09%
1/4/2022,96.26,96.19,96.46,96.03,,0.05%
1/3/2022,96.21,95.67,96.33,95.63,,0.26%
12/31/2021,95.97,95.99,96.11,95.57,,0.00%
12/30/2021,95.97,95.89,96.22,95.86,,0.04%
12/29/2021,95.93,96.15,96.39,95.76,,-0.28%
12/28/2021,96.2,96.07,96.28,96,,0.11%
12/27/2021,96.09,96.15,96.26,96.05,,0.08%
12/23/2021,96.02,96.03,96.28,95.99,,-0.06%
12/22/2021,96.08,96.47,96.6,96.02,,-0.43%
12/21/2021,96.49,96.54,96.64,96.34,,-0.06%
12/20/2021,96.55,96.67,96.69,96.33,,-0.01%
12/17/2021,96.57,96,96.69,95.88,,0.54%
12/16/2021,96.04,96.43,96.45,95.85,,-0.49%
12/15/2021,96.51,96.55,96.91,96.3,,-0.06%
12/14/2021,96.57,96.35,96.59,96.1,,0.26%
12/13/2021,96.32,96.05,96.44,96.05,,0.23%
12/10/2021,96.1,96.21,96.43,95.98,,-0.18%
12/9/2021,96.27,95.96,96.34,95.96,,0.39%
12/8/2021,95.89,96.26,96.38,95.85,,-0.49%
12/7/2021,96.37,96.3,96.59,96.17,,0.04%
12/6/2021,96.33,96.15,96.43,96.13,,0.22%
12/3/2021,96.12,96.12,96.45,95.97,,-0.04%
12/2/2021,96.16,96.07,96.18,95.83,,0.13%
12/1/2021,96.03,95.94,96.14,95.67,,0.04%
11/30/2021,95.99,96.22,96.64,95.52,,-0.36%
11/29/2021,96.34,96.07,96.44,96.07,,0.26%
11/26/2021,96.09,96.72,96.77,95.75,,-0.71%
11/25/2021,96.77,96.81,96.82,96.65,,-0.10%
11/24/2021,96.88,96.53,96.94,96.43,,0.40%
11/23/2021,96.49,96.46,96.61,96.31,,-0.06%
11/22/2021,96.55,96.07,96.55,96.04,,0.54%
11/19/2021,96.03,95.58,96.24,95.58,,0.51%
11/18/2021,95.54,95.8,95.84,95.52,,-0.30%
11/17/2021,95.83,95.94,96.24,95.73,,-0.09%
11/16/2021,95.92,95.47,95.98,95.4,,0.53%
11/15/2021,95.41,95.12,95.6,94.97,,0.29%
11/12/2021,95.13,95.18,95.26,95,,-0.05%
11/11/2021,95.18,94.84,95.2,94.84,,0.35%
11/10/2021,94.85,93.98,94.9,93.97,,0.95%
11/9/2021,93.96,94.09,94.15,93.88,,-0.10%
11/8/2021,94.05,94.25,94.38,93.99,,-0.29%
11/5/2021,94.32,94.34,94.62,94.19,,-0.03%
11/4/2021,94.35,93.86,94.47,93.82,,0.51%
11/3/2021,93.86,94.12,94.21,93.82,,-0.24%
11/2/2021,94.09,93.93,94.13,93.82,,0.22%
11/1/2021,93.88,94.13,94.31,93.86,,-0.26%
10/29/2021,94.12,93.36,94.3,93.32,,0.83%
10/28/2021,93.35,93.88,93.97,93.28,,-0.49%
10/27/2021,93.8,93.97,94.01,93.69,,-0.16%
10/26/2021,93.95,93.84,94.02,93.71,,0.14%
10/25/2021,93.81,93.66,93.96,93.48,,0.18%
10/22/2021,93.64,93.75,93.79,93.54,,-0.14%
10/21/2021,93.77,93.58,93.79,93.5,,0.23%
10/20/2021,93.56,93.81,93.88,93.54,,-0.19%
10/19/2021,93.73,93.95,93.95,93.5,,-0.23%
10/18/2021,93.95,93.95,94.17,93.87,,0.02%
10/15/2021,93.94,94.03,94.07,93.85,,-0.02%
10/14/2021,93.96,94.02,94.09,93.76,,-0.13%
10/13/2021,94.08,94.52,94.53,94,,-0.46%
10/12/2021,94.52,94.37,94.56,94.23,,0.21%
10/11/2021,94.32,94.1,94.4,94.03,,0.26%
10/8/2021,94.07,94.21,94.34,93.94,,-0.16%
10/7/2021,94.22,94.23,94.28,94.08,,-0.05%
10/6/2021,94.27,93.99,94.45,93.98,,0.31%
10/5/2021,93.97,93.83,94.07,93.81,,0.21%
10/4/2021,93.78,94.07,94.1,93.68,,-0.28%
10/1/2021,94.04,94.31,94.39,93.99,,-0.21%
9/30/2021,94.23,94.35,94.5,94.11,,-0.11%
9/29/2021,94.34,93.72,94.43,93.67,,0.61%
9/28/2021,93.77,93.41,93.81,93.36,,0.41%
9/27/2021,93.38,93.28,93.49,93.21,,0.06%
9/24/2021,93.33,93.07,93.42,93.05,,0.32%
9/23/2021,93.03,93.48,93.52,92.98,,-0.46%
9/22/2021,93.46,93.22,93.51,92.99,,0.28%
9/21/2021,93.2,93.24,93.29,93.05,,-0.08%
9/20/2021,93.28,93.25,93.45,93.18,,0.09%
9/17/2021,93.19,92.88,93.25,92.76,,0.28%
9/16/2021,92.93,92.46,92.96,92.46,,0.41%
9/15/2021,92.55,92.68,92.68,92.42,,-0.08%
9/14/2021,92.62,92.62,92.68,92.32,,-0.06%
9/13/2021,92.68,92.61,92.89,92.57,,0.10%
9/10/2021,92.58,92.53,92.65,92.33,,0.11%
9/9/2021,92.48,92.71,92.76,92.38,,-0.19%
9/8/2021,92.65,92.54,92.86,92.47,,0.15%
9/7/2021,92.51,92.2,92.57,92.1,,0.52%
9/6/2021,92.04,92.12,92.31,92.04,,0.00%
9/3/2021,92.04,92.22,92.26,91.95,,-0.21%
9/2/2021,92.22,92.51,92.54,92.21,,-0.24%
9/1/2021,92.45,92.66,92.79,92.38,,-0.19%
8/31/2021,92.63,92.71,92.75,92.4,,-0.03%
8/30/2021,92.65,92.68,92.79,92.6,,-0.04%
8/27/2021,92.69,93.03,93.18,92.63,,-0.40%
8/26/2021,93.06,92.83,93.08,92.81,,0.26%
8/25/2021,92.82,92.88,93.13,92.81,,-0.07%
8/24/2021,92.89,92.99,93.08,92.81,,-0.07%
8/23/2021,92.96,93.46,93.5,92.95,,-0.58%
8/20/2021,93.5,93.56,93.73,93.43,,-0.08%
8/19/2021,93.57,93.14,93.58,93.14,,0.46%
8/18/2021,93.14,93.14,93.26,92.96,,0.01%
8/17/2021,93.13,92.62,93.17,92.61,,0.54%
8/16/2021,92.63,92.52,92.66,92.48,,0.12%
8/13/2021,92.52,92.97,93.01,92.47,,-0.56%
8/12/2021,93.04,92.89,93.04,92.85,,0.12%
8/11/2021,92.92,93.07,93.19,92.8,,-0.14%
8/10/2021,93.06,92.98,93.14,92.94,,0.12%
8/9/2021,92.94,92.78,92.99,92.72,,0.16%
8/6/2021,92.8,92.26,92.84,92.26,,0.60%
8/5/2021,92.24,92.28,92.35,92.11,,-0.03%
8/4/2021,92.27,92.04,92.31,91.82,,0.21%
8/3/2021,92.08,92.06,92.15,91.89,,0.04%
8/2/2021,92.05,92.09,92.17,91.91,,-0.14%
7/30/2021,92.17,91.85,92.2,91.78,,0.34%
7/29/2021,91.86,92.26,92.29,91.86,,-0.50%
7/28/2021,92.32,92.46,92.75,92.24,,-0.12%
7/27/2021,92.43,92.63,92.84,92.32,,-0.23%
7/26/2021,92.65,92.91,92.96,92.53,,-0.28%
7/23/2021,92.91,92.81,93.02,92.78,,0.10%
7/22/2021,92.82,92.8,92.92,92.51,,0.07%
7/21/2021,92.75,92.97,93.19,92.73,,-0.24%
7/20/2021,92.97,92.88,93.17,92.8,,0.09%
7/19/2021,92.89,92.71,93.04,92.64,,0.22%
7/16/2021,92.69,92.59,92.76,92.53,,0.07%
7/15/2021,92.62,92.39,92.69,92.27,,0.23%
7/14/2021,92.41,92.8,92.83,92.35,,-0.37%
7/13/2021,92.75,92.23,92.81,92.14,,0.53%
7/12/2021,92.26,92.1,92.42,92.08,,0.14%
7/9/2021,92.13,92.36,92.54,92.09,,-0.31%
7/8/2021,92.42,92.7,92.79,92.24,,-0.25%
7/7/2021,92.64,92.53,92.85,92.43,,0.11%
7/6/2021,92.55,92.24,92.66,92,,0.36%
7/5/2021,92.21,92.24,92.36,92.14,,-0.02%
7/2/2021,92.23,92.57,92.74,92.18,,-0.40%
7/1/2021,92.6,92.35,92.6,92.26,,0.17%
6/30/2021,92.44,92.08,92.45,92,,0.42%
6/29/2021,92.05,91.88,92.19,91.86,,0.18%
6/28/2021,91.89,91.81,92.01,91.7,,0.04%
6/25/2021,91.85,91.83,91.88,91.53,,0.04%
6/24/2021,91.81,91.8,91.91,91.66,,0.01%
6/23/2021,91.8,91.73,91.9,91.51,,0.05%
6/22/2021,91.76,91.88,92.14,91.64,,-0.16%
6/21/2021,91.9,92.32,92.37,91.83,,-0.35%
6/18/2021,92.22,91.88,92.4,91.81,,0.37%
6/17/2021,91.89,91.43,92.01,91.31,,0.83%
6/16/2021,91.13,90.54,91.4,90.44,,0.65%
6/15/2021,90.54,90.48,90.68,90.35,,0.02%
6/14/2021,90.52,90.51,90.6,90.41,,-0.04%
6/11/2021,90.56,90.07,90.61,89.96,,0.53%
6/10/2021,90.07,90.14,90.31,89.98,,-0.05%
6/9/2021,90.12,90.13,90.17,89.84,,0.05%
6/8/2021,90.08,89.99,90.18,89.96,,0.14%
6/7/2021,89.95,90.13,90.3,89.91,,-0.21%
6/4/2021,90.14,90.47,90.63,90.03,,-0.42%
6/3/2021,90.51,89.93,90.55,89.89,,0.67%
6/2/2021,89.91,89.92,90.25,89.86,,0.09%
6/1/2021,89.83,89.81,89.94,89.66,,-0.22%
5/31/2021,90.03,90.06,90.12,89.82,,0.00%
5/28/2021,90.03,90.03,90.44,89.98,,0.07%
5/27/2021,89.97,90.08,90.18,89.89,,-0.08%
5/26/2021,90.04,89.69,90.11,89.59,,0.45%
5/25/2021,89.64,89.85,89.87,89.54,,-0.23%
5/24/2021,89.84,90.03,90.1,89.76,,-0.19%
5/21/2021,90.02,89.78,90.15,89.65,,0.23%
5/20/2021,89.81,90.21,90.23,89.75,,-0.42%
5/19/2021,90.19,89.78,90.29,89.69,,0.49%
5/18/2021,89.75,90.18,90.2,89.69,,-0.46%
5/17/2021,90.16,90.3,90.43,90.15,,-0.17%
5/14/2021,90.32,90.76,90.8,90.28,,-0.47%
5/13/2021,90.75,90.75,90.91,90.59,,0.04%
5/12/2021,90.71,90.19,90.8,90.16,,0.63%
5/11/2021,90.14,90.24,90.36,89.98,,-0.08%
5/10/2021,90.21,90.23,90.34,90.04,,-0.02%
5/7/2021,90.23,90.88,90.96,90.19,,-0.79%
5/6/2021,90.95,91.27,91.38,90.88,,-0.39%
5/5/2021,91.31,91.28,91.44,91.17,,0.02%
5/4/2021,91.29,91,91.4,90.99,,0.38%
5/3/2021,90.94,91.3,91.39,90.87,,-0.37%
4/30/2021,91.28,90.63,91.32,90.59,,0.73%
4/29/2021,90.61,90.55,90.79,90.42,,0.00%
4/28/2021,90.61,90.9,91.13,90.55,,-0.33%
4/27/2021,90.91,90.88,91.07,90.81,,0.11%
4/26/2021,90.81,90.83,90.99,90.68,,-0.06%
4/23/2021,90.86,91.29,91.3,90.81,,-0.52%
4/22/2021,91.33,91.11,91.42,91,,0.20%
4/21/2021,91.15,91.21,91.43,91.09,,-0.09%
4/20/2021,91.24,91.05,91.28,90.86,,0.19%
4/19/2021,91.07,91.54,91.75,91.03,,-0.53%
4/16/2021,91.56,91.66,91.81,91.49,,-0.15%
4/15/2021,91.69,91.63,91.75,91.49,,0.00%
4/14/2021,91.69,91.83,91.83,91.57,,-0.18%
4/13/2021,91.85,92.08,92.32,91.79,,-0.31%
4/12/2021,92.14,92.18,92.33,92.01,,-0.03%
4/9/2021,92.16,92.07,92.41,92.03,,0.11%
4/8/2021,92.06,92.42,92.48,92,,-0.43%
4/7/2021,92.46,92.32,92.5,92.14,,0.13%
4/6/2021,92.33,92.57,92.79,92.27,,-0.28%
4/5/2021,92.6,93.01,93.11,92.54,,-0.46%
4/2/2021,93.02,92.89,93.07,92.83,,0.10%
4/1/2021,92.93,93.22,93.34,92.88,,-0.32%
3/31/2021,93.23,93.24,93.44,92.99,,-0.07%
3/30/2021,93.3,92.91,93.35,92.88,,0.38%
3/29/2021,92.94,92.72,92.96,92.72,,0.19%
3/26/2021,92.77,92.81,92.87,92.64,,0.26%
3/25/2021,92.53,92.6,92.92,92.51,,0.00%
3/24/2021,92.53,92.39,92.61,92.34,,0.21%
3/23/2021,92.34,91.8,92.39,91.76,,0.65%
3/22/2021,91.74,92.07,92.15,91.71,,-0.19%
3/19/2021,91.92,91.83,92.17,91.66,,0.06%
3/18/2021,91.86,91.4,91.9,91.3,,0.46%
3/17/2021,91.44,91.86,92,91.37,,-0.46%
3/16/2021,91.86,91.83,92.03,91.68,,0.03%
3/15/2021,91.83,91.66,91.96,91.54,,0.17%
3/12/2021,91.68,91.43,91.96,91.4,,0.28%
3/11/2021,91.42,91.79,91.88,91.36,,-0.44%
3/10/2021,91.82,92.05,92.24,91.77,,-0.15%
3/9/2021,91.96,92.46,92.5,91.91,,-0.38%
3/8/2021,92.31,91.99,92.42,91.84,,0.37%
3/5/2021,91.98,91.66,92.19,91.62,,0.38%
3/4/2021,91.63,91.01,91.67,90.97,,0.75%
3/3/2021,90.95,90.79,91.06,90.63,,0.18%
3/2/2021,90.79,91.03,91.39,90.72,,-0.28%
3/1/2021,91.04,90.93,91.14,90.69,,0.18%
2/26/2021,90.88,90.36,90.97,90.13,,0.83%
2/25/2021,90.13,90.07,90.29,89.68,,-0.05%
2/24/2021,90.18,90.1,90.43,89.98,,0.01%
2/23/2021,90.17,90.02,90.26,89.94,,0.18%
2/22/2021,90.01,90.34,90.57,90,,-0.39%
2/19/2021,90.36,90.57,90.65,90.18,,-0.25%
2/18/2021,90.59,90.9,90.98,90.54,,-0.39%
2/17/2021,90.95,90.71,91.06,90.62,,0.49%
2/16/2021,90.51,90.29,90.65,90.12,,0.03%
2/15/2021,90.48,90.45,90.48,90.27,,0.00%
2/12/2021,90.48,90.41,90.74,90.38,,0.07%
2/11/2021,90.42,90.46,90.47,90.26,,0.05%
2/10/2021,90.37,90.49,90.53,90.25,,-0.08%
2/9/2021,90.44,90.91,90.93,90.43,,-0.54%
2/8/2021,90.93,91,91.24,90.9,,-0.12%
2/5/2021,91.04,91.49,91.6,90.98,,-0.53%
2/4/2021,91.53,91.09,91.58,91.08,,0.39%
2/3/2021,91.17,91.05,91.31,90.99,,-0.03%
2/2/2021,91.2,91,91.29,90.8,,0.24%
2/1/2021,90.98,90.53,91.06,90.5,,0.44%
1/29/2021,90.58,90.56,90.78,90.36,,0.14%
1/28/2021,90.46,90.73,90.86,90.4,,-0.21%
1/27/2021,90.65,90.15,90.88,90.15,,0.53%
1/26/2021,90.17,90.39,90.61,90.12,,-0.24%
1/25/2021,90.39,90.23,90.52,90.08,,0.17%
1/22/2021,90.24,90.05,90.31,90.05,,0.12%
1/21/2021,90.13,90.42,90.45,90.05,,-0.38%
1/20/2021,90.47,90.41,90.7,90.28,,-0.03%
1/19/2021,90.5,90.73,90.76,90.4,,-0.29%
1/18/2021,90.76,90.78,90.95,90.71,,-0.01%
1/15/2021,90.77,90.22,90.8,90.22,,0.59%
1/14/2021,90.24,90.28,90.58,90.07,,-0.13%
1/13/2021,90.36,90,90.45,89.92,,0.29%
1/12/2021,90.09,90.52,90.62,90.03,,-0.41%
1/11/2021,90.46,90.07,90.73,90.03,,0.41%
1/8/2021,90.1,89.83,90.25,89.66,,0.30%
1/7/2021,89.83,89.32,89.97,89.32,,0.33%
1/6/2021,89.53,89.48,89.8,89.21,,0.11%
1/5/2021,89.44,89.9,89.9,89.43,,-0.48%
1/4/2021,89.87,89.93,89.94,89.42,,-0.08%
1/1/2021,89.94,89.93,89.94,89.93,,0.00%
12/31/2020,89.94,89.61,89.98,89.52,,0.29%
12/30/2020,89.68,89.98,89.98,89.56,,-0.35%
12/29/2020,89.99,90.21,90.23,89.85,,-0.38%
12/28/2020,90.34,90.22,90.38,89.98,,0.02%
12/25/2020,90.32,90.33,90.42,90.21,,0.00%
12/24/2020,90.32,90.28,90.38,90.15,,-0.10%
12/23/2020,90.41,90.52,90.67,90.16,,-0.27%
12/22/2020,90.65,90.09,90.72,90.06,,0.68%
12/21/2020,90.04,89.92,91.02,89.92,,0.03%
12/18/2020,90.02,89.83,90.13,89.83,,0.22%
12/17/2020,89.82,90.27,90.27,89.73,,-0.69%
12/16/2020,90.45,90.49,90.7,90.13,,-0.03%
12/15/2020,90.47,90.69,90.82,90.42,,-0.26%
12/14/2020,90.71,90.98,90.98,90.42,,-0.29%
12/11/2020,90.98,90.74,91.04,90.62,,0.17%
12/10/2020,90.82,91.06,91.15,90.67,,-0.29%
12/9/2020,91.09,90.92,91.2,90.69,,0.13%
12/8/2020,90.96,90.9,91.02,90.75,,0.19%
12/7/2020,90.79,90.81,91.24,90.62,,0.10%
12/4/2020,90.7,90.71,90.87,90.48,,-0.01%
12/3/2020,90.71,91.06,91.09,90.51,,-0.44%
12/2/2020,91.12,91.19,91.5,90.99,,-0.21%
12/1/2020,91.31,91.94,91.94,91.16,,-0.61%
11/30/2020,91.87,91.78,92.05,91.51,,0.09%
11/27/2020,91.79,92.02,92.05,91.76,,-0.22%
11/26/2020,91.99,91.95,92.17,91.85,,0.00%
11/25/2020,91.99,92.11,92.26,91.93,,-0.25%
11/24/2020,92.23,92.53,92.56,92.13,,-0.30%
11/23/2020,92.5,92.4,92.8,92.02,,0.12%
11/20/2020,92.39,92.34,92.43,92.21,,0.11%
11/19/2020,92.29,92.56,92.72,92.24,,-0.02%
11/18/2020,92.32,92.44,92.51,92.21,,-0.11%
11/17/2020,92.42,92.49,92.61,92.27,,-0.24%
11/16/2020,92.64,92.72,92.84,92.46,,-0.12%
11/13/2020,92.75,92.95,93,92.71,,-0.22%
11/12/2020,92.96,93.01,93.14,92.78,,-0.09%
11/11/2020,93.04,92.7,93.21,92.61,,0.32%
11/10/2020,92.75,92.76,92.97,92.6,,0.03%
11/9/2020,92.72,92.24,92.96,92.13,,0.54%
11/6/2020,92.23,92.57,92.82,92.18,,-0.32%
11/5/2020,92.53,93.34,93.54,92.49,,-0.94%
11/4/2020,93.41,93.09,94.3,93.09,,-0.16%
11/3/2020,93.55,94.05,94.05,93.29,,-0.61%
11/2/2020,94.13,93.89,94.29,93.89,,0.10%
10/30/2020,94.04,93.92,94.08,93.65,,0.09%
10/29/2020,93.96,93.46,94.1,93.33,,0.59%
10/28/2020,93.4,93.15,93.64,93.05,,0.50%
10/27/2020,92.94,93.07,93.13,92.79,,-0.11%
10/26/2020,93.04,92.76,93.11,92.74,,0.30%
10/23/2020,92.77,92.93,93.13,92.66,,-0.20%
10/22/2020,92.95,92.67,92.97,92.61,,0.37%
10/21/2020,92.61,93.05,93.07,92.47,,-0.49%
10/20/2020,93.07,93.42,93.5,93,,-0.39%
10/19/2020,93.43,93.72,93.77,93.21,,-0.27%
10/16/2020,93.68,93.8,93.88,93.53,,-0.19%
10/15/2020,93.86,93.43,93.9,93.37,,0.51%
10/14/2020,93.38,93.54,93.67,93.25,,-0.16%
10/13/2020,93.53,93.03,93.6,93.03,,0.50%
10/12/2020,93.07,93.06,93.24,93.01,,0.01%
10/9/2020,93.06,93.56,93.59,93,,-0.59%
10/8/2020,93.61,93.61,93.78,93.5,,-0.03%
10/7/2020,93.63,93.83,93.9,93.56,,-0.06%
10/6/2020,93.69,93.43,93.85,93.33,,0.18%
10/5/2020,93.51,93.81,93.87,93.37,,-0.35%
10/2/2020,93.84,93.73,94.03,93.69,,0.14%
10/1/2020,93.71,93.8,93.92,93.53,,-0.19%
9/30/2020,93.89,93.85,94.19,93.67,,0.00%
9/29/2020,93.89,94.24,94.3,93.82,,-0.41%
9/28/2020,94.28,94.58,94.64,94.15,,-0.38%
9/25/2020,94.64,94.32,94.74,94.19,,0.31%
9/24/2020,94.35,94.38,94.59,94.2,,-0.04%
9/23/2020,94.39,93.99,94.43,93.93,,0.43%
9/22/2020,93.99,93.55,94.08,93.46,,0.35%
9/21/2020,93.66,93,93.78,92.75,,0.79%
9/18/2020,92.93,92.86,93.01,92.77,,-0.05%
9/17/2020,92.97,93.15,93.59,92.87,,-0.26%
9/16/2020,93.21,93.08,93.28,92.78,,0.18%
9/15/2020,93.05,93.06,93.14,92.79,,0.00%
9/14/2020,93.05,93.29,93.33,92.87,,-0.30%
9/11/2020,93.33,93.33,93.38,93.1,,0.00%
9/10/2020,93.34,93.23,93.45,92.7,,0.09%
9/9/2020,93.25,93.58,93.66,93.14,,-0.20%
9/8/2020,93.44,93.05,93.52,93,,0.78%
9/7/2020,92.72,92.97,93.09,92.72,,0.00%
9/4/2020,92.72,92.8,93.24,92.66,,-0.02%
9/3/2020,92.74,92.66,93.07,92.65,,-0.12%
9/2/2020,92.85,92.28,92.87,92.21,,0.55%
9/1/2020,92.34,92.18,92.4,91.75,,0.21%
8/31/2020,92.14,92.3,92.48,91.99,,-0.25%
8/28/2020,92.37,93.02,93.1,92.2,,-0.68%
8/27/2020,93,92.85,93.32,92.42,,0.00%
8/26/2020,93.01,93.02,93.36,92.85,,-0.01%
8/25/2020,93.02,93.28,93.35,92.97,,-0.30%
8/24/2020,93.3,93.2,93.34,92.84,,0.05%
8/21/2020,93.25,92.72,93.47,92.57,,0.49%
8/20/2020,92.79,92.96,93.24,92.73,,-0.10%
8/19/2020,92.89,92.28,93.05,92.15,,0.67%
8/18/2020,92.27,92.82,92.82,92.13,,-0.62%
8/17/2020,92.85,93.1,93.12,92.77,,-0.26%
8/14/2020,93.1,93.22,93.41,93.01,,-0.26%
8/13/2020,93.33,93.36,93.39,92.93,,-0.12%
8/12/2020,93.44,93.68,93.9,93.27,,-0.20%
8/11/2020,93.63,93.6,93.74,93.17,,0.05%
8/10/2020,93.58,93.39,93.69,93.3,,0.16%
8/7/2020,93.43,92.81,93.62,92.76,,0.70%
8/6/2020,92.79,92.77,93.09,92.52,,-0.09%
8/5/2020,92.87,93.23,93.25,92.56,,-0.55%
8/4/2020,93.38,93.56,93.83,93.23,,-0.17%
8/3/2020,93.54,93.46,93.99,93.32,,0.21%
7/31/2020,93.35,92.82,93.54,92.55,,0.35%
7/30/2020,93.02,93.32,93.68,92.93,,-0.46%
7/29/2020,93.45,93.75,93.8,93.18,,-0.26%
7/28/2020,93.7,93.58,94.01,93.49,,0.03%
7/27/2020,93.67,94.35,94.42,93.48,,-0.81%
7/24/2020,94.43,94.77,94.83,94.33,,-0.27%
7/23/2020,94.69,94.98,95.18,94.59,,-0.31%
7/22/2020,94.99,95.13,95.41,94.83,,-0.14%
7/21/2020,95.12,95.75,95.92,95.05,,-0.75%
7/20/2020,95.83,96.01,96.18,95.73,,-0.11%
7/17/2020,95.94,96.28,96.33,95.9,,-0.42%
7/16/2020,96.35,96,96.4,95.89,,0.28%
7/15/2020,96.08,96.17,96.25,95.78,,-0.18%
7/14/2020,96.26,96.54,96.7,96.18,,-0.21%
7/13/2020,96.46,96.66,96.68,96.27,,-0.19%
7/10/2020,96.65,96.75,96.97,96.44,,-0.05%
7/9/2020,96.7,96.45,96.81,96.24,,0.28%
7/8/2020,96.43,96.99,97.05,96.4,,-0.47%
7/7/2020,96.88,96.75,97.15,96.6,,0.16%
7/6/2020,96.72,97.15,97.19,96.57,,-0.46%
7/3/2020,97.17,97.21,97.36,97.12,,-0.15%
7/2/2020,97.32,97.14,97.34,96.81,,0.12%
7/1/2020,97.2,97.39,97.62,97.03,,-0.20%
6/30/2020,97.39,97.4,97.8,97.23,,-0.15%
6/29/2020,97.54,97.5,97.65,97.11,,0.11%
6/26/2020,97.43,97.35,97.68,97.26,,0.00%
6/25/2020,97.43,97.24,97.6,97.16,,0.29%
6/24/2020,97.15,96.66,97.24,96.55,,0.52%
6/23/2020,96.65,96.93,97.25,96.39,,-0.40%
6/22/2020,97.04,97.66,97.74,97,,-0.60%
6/19/2020,97.62,97.42,97.72,97.16,,0.21%
6/18/2020,97.42,97.08,97.58,96.95,,0.27%
6/17/2020,97.16,97.01,97.34,96.8,,0.21%
6/16/2020,96.96,96.56,97.25,96.43,,0.26%
6/15/2020,96.71,97.09,97.39,96.6,,-0.63%
6/12/2020,97.32,96.81,97.45,96.49,,0.61%
6/11/2020,96.73,96.09,96.83,95.95,,0.81%
6/10/2020,95.96,96.43,96.46,95.72,,-0.38%
6/9/2020,96.32,96.63,97.06,96.23,,-0.30%
6/8/2020,96.62,96.84,97.07,96.6,,-0.33%
6/5/2020,96.94,96.74,97.03,96.44,,0.27%
6/4/2020,96.68,97.32,97.63,96.57,,-0.62%
6/3/2020,97.28,97.57,97.63,97.18,,-0.41%
6/2/2020,97.67,97.84,97.91,97.43,,-0.16%
6/1/2020,97.83,98.3,98.32,97.79,,-0.52%
5/29/2020,98.34,98.51,98.55,97.94,,-0.04%
5/28/2020,98.38,98.91,99.09,98.35,,-0.69%
5/27/2020,99.06,99.02,99.34,98.72,,0.16%
5/26/2020,98.91,99.76,99.77,98.9,,-0.96%
5/25/2020,99.86,99.79,99.97,99.69,,0.00%
5/22/2020,99.86,99.42,99.87,99.39,,0.50%
5/21/2020,99.37,99.18,99.51,99.02,,0.25%
5/20/2020,99.12,99.55,99.56,99,,-0.25%
5/19/2020,99.37,99.62,99.73,99.23,,-0.29%
5/18/2020,99.67,100.36,100.47,99.58,,-0.73%
5/15/2020,100.4,100.26,100.49,100.08,,-0.06%
5/14/2020,100.47,100.19,100.56,100.15,,0.22%
5/13/2020,100.24,100.01,100.28,99.58,,0.31%
5/12/2020,99.93,100.23,100.44,99.66,,-0.30%
5/11/2020,100.24,99.12,100.28,99.12,,0.50%
5/8/2020,99.73,99.84,99.94,99.1,,-0.16%
5/7/2020,99.89,100.21,100.4,99.81,,-0.20%
5/6/2020,100.09,99.79,100.2,99.75,,0.38%
5/5/2020,99.71,99.51,99.97,99.3,,0.23%
5/4/2020,99.48,98.57,99.6,98.57,,0.41%
5/1/2020,99.08,99.13,99.21,98.64,,0.06%
4/30/2020,99.02,99.48,99.72,98.81,,-0.55%
4/29/2020,99.57,99.88,99.89,99.46,,-0.30%
4/28/2020,99.86,100.06,100.21,99.45,,-0.18%
4/27/2020,100.04,100.23,100.32,99.83,,-0.34%
4/24/2020,100.38,100.5,100.87,100.19,,-0.05%
4/23/2020,100.43,100.45,100.69,100.04,,0.04%
4/22/2020,100.39,100.21,100.5,99.9,,0.13%
4/21/2020,100.26,99.94,100.48,99.93,,0.30%
4/20/2020,99.96,99.71,100.07,99.65,,0.17%
4/17/2020,99.78,99.86,100.29,99.62,,-0.24%
4/16/2020,100.03,99.63,100.3,99.61,,0.57%
4/15/2020,99.46,98.82,99.98,98.82,,0.58%
4/14/2020,98.89,99.38,99.43,98.82,,-0.46%
4/13/2020,99.35,99.49,99.63,99.14,,-0.17%
4/10/2020,99.52,99.58,99.63,99.36,,0.00%
4/9/2020,99.52,100.13,100.3,99.36,,-0.60%
4/8/2020,100.12,99.91,100.43,99.9,,0.22%
4/7/2020,99.9,100.75,100.79,99.77,,-0.78%
4/6/2020,100.68,100.66,100.93,100.47,,0.11%
4/3/2020,100.58,100.2,100.85,100.14,,0.40%
4/2/2020,100.18,99.51,100.41,99.33,,0.51%
4/1/2020,99.67,99.01,99.84,98.91,,0.63%
3/31/2020,99.05,99.25,99.95,98.89,,-0.13%
3/30/2020,99.18,98.31,99.32,98.29,,0.83%
3/27/2020,98.36,99.29,99.81,98.27,,-0.99%
3/26/2020,99.35,100.96,101.02,99.24,,-1.68%
3/25/2020,101.05,101.6,101.91,100.84,,-0.97%
3/24/2020,102.04,102.13,102.21,101.05,,-0.44%
3/23/2020,102.49,101.95,102.98,101.65,,-0.32%
3/20/2020,102.82,102.94,102.99,101.09,,0.06%
3/19/2020,102.75,100.79,102.94,100.77,,1.58%
3/18/2020,101.16,99.38,101.74,99.15,,1.59%
3/17/2020,99.57,98.14,99.83,97.98,,1.54%
3/16/2020,98.07,98.7,98.7,97.45,,-0.69%
3/13/2020,98.75,97.45,98.81,97.33,,1.31%
3/12/2020,97.47,96.65,98.31,96.08,,1.00%
3/11/2020,96.51,96.33,96.69,95.91,,0.10%
3/10/2020,96.41,95.34,96.58,95.23,,1.60%
3/9/2020,94.89,96.11,95.79,94.65,,-1.10%
3/6/2020,95.95,96.61,96.7,95.71,,-0.90%
3/5/2020,96.82,97.38,97.44,96.51,,-0.53%
3/4/2020,97.34,97.17,97.59,97.12,,0.19%
3/3/2020,97.15,97.56,97.69,96.98,,-0.21%
3/2/2020,97.36,98.12,98.12,97.18,,-0.79%
2/28/2020,98.13,98.42,98.66,97.96,,-0.38%
2/27/2020,98.51,99.02,99.05,98.36,,-0.49%
2/26/2020,99,99.08,99.27,98.91,,0.03%
2/25/2020,98.97,99.33,99.39,98.88,,-0.39%
2/24/2020,99.36,99.34,99.64,99.11,,0.10%
2/21/2020,99.26,99.86,99.87,99.23,,-0.60%
2/20/2020,99.86,99.54,99.91,99.53,,0.16%
2/19/2020,99.71,99.43,99.72,99.38,,0.27%
2/18/2020,99.44,99.19,99.47,99.14,,0.44%
2/17/2020,99,99.16,99.21,99,,-0.12%
2/14/2020,99.12,99.12,99.17,99,,0.06%
2/13/2020,99.07,98.99,99.11,98.85,,0.02%
2/12/2020,99.05,98.77,99.05,98.71,,0.33%
2/11/2020,98.72,98.86,98.95,98.71,,-0.11%
2/10/2020,98.83,98.7,98.88,98.6,,0.15%
2/7/2020,98.68,98.46,98.72,98.42,,0.19%
2/6/2020,98.5,98.29,98.57,98.21,,0.20%
2/5/2020,98.3,97.94,98.32,97.9,,0.35%
2/4/2020,97.96,97.82,98.01,97.79,,0.16%
2/3/2020,97.8,97.37,97.89,97.37,,0.42%
1/31/2020,97.39,97.87,97.97,97.35,,-0.49%
1/30/2020,97.87,98.03,98.07,97.79,,-0.12%
1/29/2020,97.99,97.95,98.19,97.94,,-0.03%
1/28/2020,98.02,97.95,98.16,97.9,,0.06%
1/27/2020,97.96,97.88,98,97.78,,0.11%
1/24/2020,97.85,97.72,97.95,97.67,,0.16%
1/23/2020,97.69,97.48,97.8,97.43,,0.16%
1/22/2020,97.53,97.62,97.69,97.44,,0.00%
1/21/2020,97.53,97.63,97.66,97.39,,-0.08%
1/20/2020,97.61,97.64,97.73,97.58,,-0.03%
1/17/2020,97.64,97.3,97.66,97.27,,0.33%
1/16/2020,97.32,97.18,97.36,97.08,,0.09%
1/15/2020,97.23,97.38,97.44,97.16,,-0.14%
1/14/2020,97.37,97.36,97.56,97.33,,0.03%
1/13/2020,97.34,97.35,97.53,97.31,,-0.02%
1/10/2020,97.36,97.43,97.58,97.3,,-0.09%
1/9/2020,97.45,97.27,97.56,97.25,,0.15%
1/8/2020,97.3,96.83,97.35,96.82,,0.31%
1/7/2020,97,96.65,97.09,96.62,,0.34%
1/6/2020,96.67,96.9,96.9,96.54,,-0.18%
1/3/2020,96.84,96.79,97.11,96.71,,-0.01%
1/2/2020,96.85,96.48,96.87,96.42,,0.48%
1/1/2020,96.39,96.5,97.1,96.39,,0.00%
12/31/2019,96.39,96.73,96.73,96.36,,-0.36%
12/30/2019,96.74,97.02,97.02,96.61,,-0.19%
12/27/2019,96.92,97.54,97.55,96.92,,-0.63%
12/26/2019,97.53,97.62,97.71,97.49,,-0.12%
12/25/2019,97.65,97.67,97.73,97.35,,0.00%
12/24/2019,97.65,97.66,97.8,97.61,,-0.01%
12/23/2019,97.66,97.67,97.82,97.58,,-0.03%
12/20/2019,97.69,97.39,97.76,97.38,,0.32%
12/19/2019,97.38,97.4,97.49,97.22,,-0.02%
12/18/2019,97.4,97.23,97.47,97.22,,0.19%
12/17/2019,97.22,97.14,97.3,97.03,,0.21%
12/16/2019,97.02,97.18,97.18,96.93,,-0.15%
12/13/2019,97.17,96.78,97.24,96.72,,-0.24%
12/12/2019,97.4,97.08,97.52,96.59,,0.33%
12/11/2019,97.08,97.51,97.6,97.04,,-0.34%
12/10/2019,97.41,97.65,97.66,97.4,,-0.24%
12/9/2019,97.64,97.68,97.72,97.56,,-0.06%
12/6/2019,97.7,97.38,97.84,97.36,,0.30%
12/5/2019,97.41,97.59,97.59,97.36,,-0.25%
12/4/2019,97.65,97.71,97.79,97.43,,-0.09%
12/3/2019,97.74,97.89,97.94,97.64,,-0.12%
12/2/2019,97.86,98.27,98.38,97.81,,-0.42%
11/29/2019,98.27,98.34,98.54,98.22,,-0.10%
11/28/2019,98.37,98.33,98.4,98.26,,0.00%
11/27/2019,98.37,98.3,98.44,98.28,,0.12%
11/26/2019,98.25,98.33,98.38,98.23,,-0.07%
11/25/2019,98.32,98.27,98.38,98.17,,0.05%
11/22/2019,98.27,97.93,98.31,97.84,,0.29%
11/21/2019,97.99,97.86,98.03,97.73,,0.06%
11/20/2019,97.93,97.84,98.04,97.84,,0.07%
11/19/2019,97.86,97.81,97.89,97.75,,0.07%
11/18/2019,97.79,97.98,97.98,97.68,,-0.21%
11/15/2019,98,98.17,98.23,97.96,,-0.16%
11/14/2019,98.16,98.34,98.42,98.11,,-0.21%
11/13/2019,98.37,98.33,98.45,98.29,,0.06%
11/12/2019,98.31,98.21,98.42,98.21,,0.11%
11/11/2019,98.2,98.37,98.38,98.13,,-0.15%
11/8/2019,98.35,98.14,98.4,98.1,,0.21%
11/7/2019,98.14,97.95,98.23,97.82,,0.19%
11/6/2019,97.95,97.94,97.98,97.78,,-0.03%
11/5/2019,97.98,97.55,98.01,97.47,,0.49%
11/4/2019,97.5,97.22,97.58,97.17,,0.27%
11/1/2019,97.24,97.3,97.45,97.11,,-0.11%
10/31/2019,97.35,97.44,97.45,97.22,,-0.31%
10/30/2019,97.65,97.67,98,97.45,,-0.04%
10/29/2019,97.69,97.75,97.93,97.61,,-0.07%
10/28/2019,97.76,97.85,97.89,97.67,,-0.07%
10/25/2019,97.83,97.69,97.9,97.57,,0.20%
10/24/2019,97.63,97.46,97.78,97.28,,0.14%
10/23/2019,97.49,97.49,97.65,97.42,,-0.04%
10/22/2019,97.53,97.31,97.57,97.26,,0.21%
10/21/2019,97.33,97.34,97.4,97.15,,0.05%
10/18/2019,97.28,97.6,97.66,97.14,,-0.34%
10/17/2019,97.61,97.99,98.11,97.5,,-0.40%
10/16/2019,98,98.32,98.42,97.9,,-0.30%
10/15/2019,98.29,98.45,98.64,98.21,,-0.16%
10/14/2019,98.45,98.36,98.53,98.34,,0.15%
10/11/2019,98.3,98.7,98.74,98.2,,-0.41%
10/10/2019,98.7,98.98,99.07,98.62,,-0.42%
10/9/2019,99.12,99.09,99.16,98.9,,-0.01%
10/8/2019,99.13,98.98,99.25,98.85,,0.16%
10/7/2019,98.97,98.82,99,98.74,,0.16%
10/4/2019,98.81,98.87,99,98.73,,-0.05%
10/3/2019,98.86,99.03,99.19,98.64,,-0.16%
10/2/2019,99.02,99.16,99.42,98.96,,-0.11%
10/1/2019,99.13,99.4,99.67,99.07,,-0.25%
9/30/2019,99.38,99.12,99.46,99.05,,0.27%
9/27/2019,99.11,99.19,99.31,98.99,,-0.02%
9/26/2019,99.13,98.96,99.28,98.84,,0.09%
9/25/2019,99.04,98.38,99.06,98.36,,0.71%
9/24/2019,98.34,98.64,98.7,98.29,,-0.26%
9/23/2019,98.6,98.51,98.83,98.45,,0.09%
9/20/2019,98.51,98.34,98.64,98.14,,0.24%
9/19/2019,98.27,98.57,98.62,98.2,,-0.29%
9/18/2019,98.56,98.21,98.69,98.19,,0.31%
9/17/2019,98.26,98.65,98.74,98.19,,-0.35%
9/16/2019,98.61,98.12,98.71,98.03,,0.36%
9/13/2019,98.26,98.41,98.43,97.86,,-0.05%
9/12/2019,98.31,98.63,99.1,98.19,,-0.33%
9/11/2019,98.64,98.33,98.75,97.86,,0.32%
9/10/2019,98.33,98.33,98.46,98.26,,0.05%
9/9/2019,98.28,98.42,98.51,98.14,,-0.11%
9/6/2019,98.39,98.42,98.52,98.01,,-0.02%
9/5/2019,98.41,98.4,98.53,98.08,,-0.04%
9/4/2019,98.45,98.96,98.97,98.39,,-0.56%
9/3/2019,99,99.08,99.37,98.92,,0.08%
9/2/2019,98.92,98.83,99.13,98.81,,0.00%
8/30/2019,98.92,98.43,99.02,98.41,,0.42%
8/29/2019,98.51,98.19,98.55,98.16,,0.31%
8/28/2019,98.21,98.01,98.26,98,,0.21%
8/27/2019,98,98.05,98.05,97.86,,-0.08%
8/26/2019,98.08,97.59,98.09,97.48,,0.45%
8/23/2019,97.64,98.19,98.45,97.17,,-0.54%
8/22/2019,98.17,98.25,98.39,98.08,,-0.13%
8/21/2019,98.3,98.17,98.33,97.95,,0.11%
8/20/2019,98.19,98.36,98.45,98.12,,-0.16%
8/19/2019,98.35,98.17,98.39,98.13,,0.21%
8/16/2019,98.14,98.13,98.34,98.11,,0.00%
8/15/2019,98.14,97.95,98.24,97.82,,0.15%
8/14/2019,97.99,97.8,98.05,97.67,,0.18%
8/13/2019,97.81,97.48,97.85,97.32,,0.44%
8/12/2019,97.38,97.53,97.74,97.32,,-0.11%
8/9/2019,97.49,97.57,97.64,97.03,,-0.13%
8/8/2019,97.62,97.6,97.74,97.43,,0.08%
8/7/2019,97.54,97.56,97.85,97.31,,-0.09%
8/6/2019,97.63,97.25,97.77,97.21,,0.11%
8/5/2019,97.52,98.11,98.14,97.38,,-0.56%
8/2/2019,98.07,98.41,98.45,98.05,,-0.30%
8/1/2019,98.37,98.59,98.93,98.27,,-0.15%
7/31/2019,98.52,98.03,98.68,98,,0.48%
7/30/2019,98.05,98.07,98.21,98.02,,0.01%
7/29/2019,98.04,97.99,98.17,97.9,,0.03%
7/26/2019,98.01,97.79,98.09,97.76,,0.19%
7/25/2019,97.82,97.69,97.92,97.5,,0.09%
7/24/2019,97.73,97.72,97.81,97.55,,0.03%
7/23/2019,97.7,97.3,97.74,97.3,,0.45%
7/22/2019,97.26,97.14,97.3,97.13,,0.11%
7/19/2019,97.15,96.82,97.29,96.76,,0.37%
7/18/2019,96.79,97.19,97.26,96.67,,-0.44%
7/17/2019,97.22,97.36,97.44,97.16,,-0.17%
7/16/2019,97.39,96.92,97.44,96.92,,0.47%
7/15/2019,96.93,96.84,96.97,96.75,,0.12%
7/12/2019,96.81,97.08,97.12,96.72,,-0.25%
7/11/2019,97.05,97.06,97.15,96.8,,-0.05%
7/10/2019,97.1,97.51,97.55,97.03,,-0.40%
7/9/2019,97.49,97.38,97.59,97.36,,0.11%
7/8/2019,97.38,97.23,97.42,97.16,,0.09%
7/5/2019,97.29,96.72,97.44,96.72,,0.54%
7/4/2019,96.77,96.71,96.81,96.66,,0.00%
7/3/2019,96.77,96.73,96.87,96.59,,0.04%
7/2/2019,96.73,96.81,96.88,96.6,,-0.11%
7/1/2019,96.84,96.25,96.87,96.25,,0.74%
6/28/2019,96.13,96.19,96.3,96.02,,-0.06%
6/27/2019,96.19,96.17,96.39,96.14,,-0.02%
6/26/2019,96.21,96.18,96.34,96.07,,0.07%
6/25/2019,96.14,96,96.36,95.84,,0.17%
6/24/2019,95.98,96.18,96.2,95.97,,-0.25%
6/21/2019,96.22,96.62,96.71,96.09,,-0.42%
6/20/2019,96.63,97.17,97.2,96.57,,-0.50%
6/19/2019,97.12,97.63,97.68,97.09,,-0.53%
6/18/2019,97.64,97.53,97.77,97.37,,0.08%
6/17/2019,97.56,97.52,97.6,97.34,,-0.01%
6/14/2019,97.57,97.01,97.58,96.94,,0.58%
6/13/2019,97.01,96.96,97.08,96.87,,0.01%
6/12/2019,97,96.71,97.02,96.58,,0.32%
6/11/2019,96.69,96.75,96.88,96.64,,-0.07%
6/10/2019,96.76,96.64,96.94,96.63,,0.23%
6/7/2019,96.54,97.01,97.18,96.46,,-0.52%
6/6/2019,97.04,97.29,97.35,96.78,,-0.29%
6/5/2019,97.32,97.12,97.37,96.75,,0.26%
6/4/2019,97.07,97.21,97.33,97,,-0.07%
6/3/2019,97.14,97.64,97.8,97.11,,-0.62%
5/31/2019,97.75,98.15,98.17,97.61,,-0.40%
5/30/2019,98.14,98.13,98.28,98.09,,0.00%
5/29/2019,98.14,97.92,98.21,97.86,,0.19%
5/28/2019,97.95,97.74,97.98,97.7,,0.35%
5/27/2019,97.61,97.57,97.79,97.55,,0.00%
5/24/2019,97.61,97.83,97.91,97.55,,-0.26%
5/23/2019,97.86,98.06,98.37,97.81,,-0.18%
5/22/2019,98.04,98.02,98.12,97.89,,-0.02%
5/21/2019,98.06,97.92,98.13,97.82,,0.13%
5/20/2019,97.93,97.96,98.04,97.88,,-0.07%
5/17/2019,98,97.83,98.03,97.77,,0.14%
5/16/2019,97.86,97.54,97.88,97.44,,0.30%
5/15/2019,97.57,97.53,97.7,97.44,,0.04%
5/14/2019,97.53,97.32,97.56,97.27,,0.22%
5/13/2019,97.32,97.3,97.38,97.03,,-0.01%
5/10/2019,97.33,97.43,97.45,97.13,,-0.04%
5/9/2019,97.37,97.58,97.7,97.24,,-0.26%
5/8/2019,97.62,97.57,97.68,97.42,,-0.01%
5/7/2019,97.63,97.52,97.74,97.38,,0.11%
5/6/2019,97.52,97.56,97.7,97.46,,0.00%
5/3/2019,97.52,97.83,98.1,97.41,,-0.32%
5/2/2019,97.83,97.63,97.85,97.51,,0.14%
5/1/2019,97.69,97.53,97.73,97.15,,0.22%
4/30/2019,97.48,97.84,97.89,97.44,,-0.39%
4/29/2019,97.86,98.03,98.1,97.83,,-0.15%
4/26/2019,98.01,98.12,98.33,97.85,,-0.19%
4/25/2019,98.2,98.1,98.32,97.99,,0.03%
4/24/2019,98.17,97.59,98.19,97.59,,0.54%
4/23/2019,97.64,97.28,97.78,97.28,,0.36%
4/22/2019,97.29,97.38,97.41,97.26,,-0.09%
4/19/2019,97.38,97.42,97.43,97.33,,-0.09%
4/18/2019,97.47,97.01,97.48,96.96,,0.47%
4/17/2019,97.01,97.07,97.12,96.82,,-0.03%
4/16/2019,97.04,96.93,97.09,96.88,,0.10%
4/15/2019,96.94,96.92,96.96,96.79,,-0.03%
4/12/2019,96.97,97.14,97.18,96.75,,-0.22%
4/11/2019,97.18,96.89,97.19,96.88,,0.24%
4/10/2019,96.95,96.99,97.22,96.85,,-0.06%
4/9/2019,97.01,97.08,97.08,96.86,,-0.04%
4/8/2019,97.05,97.39,97.4,96.98,,-0.35%
4/5/2019,97.39,97.3,97.47,97.19,,0.08%
4/4/2019,97.31,97.04,97.34,97.02,,0.23%
4/3/2019,97.09,97.3,97.32,96.96,,-0.28%
4/2/2019,97.36,97.33,97.52,97.27,,0.13%
4/1/2019,97.23,97.18,97.39,97.03,,-0.05%
3/29/2019,97.28,97.2,97.34,97,,0.08%
3/28/2019,97.2,96.97,97.3,96.82,,0.44%
3/27/2019,96.77,96.75,96.98,96.68,,0.03%
3/26/2019,96.74,96.5,96.84,96.45,,0.18%
3/25/2019,96.57,96.64,96.68,96.41,,-0.08%
3/22/2019,96.65,96.32,96.81,96.21,,0.16%
3/21/2019,96.5,95.91,96.62,95.84,,0.77%
3/20/2019,95.76,96.4,96.57,95.74,,-0.64%
3/19/2019,96.38,96.51,96.52,96.29,,-0.15%
3/18/2019,96.52,96.56,96.63,96.38,,-0.07%
3/15/2019,96.59,96.72,96.79,96.49,,-0.20%
3/14/2019,96.78,96.49,96.82,96.47,,0.24%
3/13/2019,96.55,97.01,97.02,96.39,,-0.40%
3/12/2019,96.94,97.05,97.28,96.86,,-0.29%
3/11/2019,97.22,97.39,97.45,96.92,,-0.09%
3/8/2019,97.31,97.61,97.64,97.25,,-0.37%
3/7/2019,97.67,96.83,97.71,96.81,,0.83%
3/6/2019,96.87,96.9,96.99,96.78,,0.00%
3/5/2019,96.87,96.67,97.01,96.66,,0.20%
3/4/2019,96.68,96.34,96.82,96.33,,0.16%
3/1/2019,96.53,96.22,96.55,96.07,,0.38%
2/28/2019,96.16,96.09,96.28,95.82,,0.01%
2/27/2019,96.15,96.06,96.19,95.88,,0.16%
2/26/2019,96,96.39,96.46,95.95,,-0.43%
2/25/2019,96.41,96.52,96.6,96.32,,-0.10%
2/22/2019,96.51,96.59,96.78,96.42,,-0.10%
2/21/2019,96.61,96.49,96.66,96.36,,0.17%
2/20/2019,96.45,96.53,96.65,96.29,,-0.07%
2/19/2019,96.52,96.81,97.08,96.43,,-0.39%
2/18/2019,96.9,96.81,96.9,96.65,,0.00%
2/15/2019,96.9,97.06,97.37,96.83,,-0.08%
2/14/2019,96.98,97.14,97.28,96.95,,-0.15%
2/13/2019,97.13,96.73,97.26,96.63,,0.43%
2/12/2019,96.71,97.06,97.2,96.65,,-0.36%
2/11/2019,97.06,96.66,97.12,96.62,,0.43%
2/8/2019,96.64,96.6,96.69,96.45,,0.13%
2/7/2019,96.51,96.39,96.67,96.38,,0.12%
2/6/2019,96.39,96.06,96.42,96.04,,0.33%
2/5/2019,96.07,95.83,96.12,95.81,,0.23%
2/4/2019,95.85,95.6,95.92,95.57,,0.28%
2/1/2019,95.58,95.55,95.66,95.4,,0.00%
1/31/2019,95.58,95.35,95.62,95.16,,0.25%
1/30/2019,95.34,95.79,95.98,95.25,,-0.50%
1/29/2019,95.82,95.74,95.87,95.62,,0.07%
1/28/2019,95.75,95.79,95.92,95.64,,-0.04%
1/25/2019,95.79,96.49,96.53,95.74,,-0.84%
1/24/2019,96.6,96.07,96.68,96.04,,0.50%
1/23/2019,96.12,96.31,96.37,96.05,,-0.19%
1/22/2019,96.3,96.34,96.48,96.22,,-0.04%
1/21/2019,96.34,96.35,96.43,96.2,,0.00%
1/18/2019,96.34,96.07,96.39,96.01,,0.29%
1/17/2019,96.06,96.07,96.26,95.98,,0.00%
1/16/2019,96.06,95.94,96.18,95.86,,0.02%
1/15/2019,96.04,95.57,96.26,95.47,,0.45%
1/14/2019,95.61,95.65,95.72,95.48,,-0.06%
1/11/2019,95.67,95.44,95.76,95.19,,0.14%
1/10/2019,95.54,95.16,95.62,95.03,,0.34%
1/9/2019,95.22,95.81,95.92,95.12,,-0.71%
1/8/2019,95.9,95.69,96.03,95.68,,0.24%
1/7/2019,95.67,96.16,96.16,95.64,,-0.53%
1/4/2019,96.18,96.28,96.61,96.05,,-0.13%
1/3/2019,96.31,96.72,96.75,96.21,,-0.53%
1/2/2019,96.82,96.14,96.96,95.82,,0.68%
1/1/2019,96.17,96.15,96.32,95.65,,0.00%
12/31/2018,96.17,96.4,96.51,96,,-0.24%
12/28/2018,96.4,96.51,96.52,96.19,,-0.08%
12/27/2018,96.48,96.92,96.94,96.41,,-0.59%
12/26/2018,97.05,96.58,97.12,96.53,,0.52%
12/25/2018,96.55,96.56,96.96,96.47,,0.00%
12/24/2018,96.55,96.94,96.94,96.38,,-0.42%
12/21/2018,96.96,96.39,97.05,96.25,,0.71%
12/20/2018,96.28,96.99,97.04,96.17,,-0.77%
12/19/2018,97.03,96.91,97.1,96.55,,-0.07%
12/18/2018,97.1,97.13,97.17,96.7,,0.00%
12/17/2018,97.1,97.43,97.46,97.05,,-0.35%
12/14/2018,97.44,97.09,97.71,97.08,,0.39%
12/13/2018,97.06,97.04,97.29,96.88,,0.02%
12/12/2018,97.04,97.38,97.49,96.89,,-0.36%
12/11/2018,97.39,97.18,97.55,96.87,,0.17%
12/10/2018,97.22,96.72,97.24,96.36,,0.74%
12/7/2018,96.51,96.8,96.92,96.51,,-0.31%
12/6/2018,96.81,97.01,97.2,96.55,,-0.27%
12/5/2018,97.07,97.01,97.2,96.83,,0.10%
12/4/2018,96.97,96.94,97.13,96.38,,-0.07%
12/3/2018,97.04,97.13,97.16,96.71,,-0.24%
11/30/2018,97.27,96.76,97.31,96.71,,0.51%
11/29/2018,96.78,96.84,97,96.63,,-0.01%
11/28/2018,96.79,97.37,97.54,96.69,,-0.60%
11/27/2018,97.37,97.03,97.5,96.97,,0.31%
11/26/2018,97.07,96.93,97.1,96.66,,0.15%
11/23/2018,96.92,96.51,96.98,96.4,,0.22%
11/22/2018,96.71,96.72,96.72,96.32,,0.00%
11/21/2018,96.71,96.82,96.87,96.5,,-0.13%
11/20/2018,96.84,96.2,96.89,96.04,,0.68%
11/19/2018,96.19,96.43,96.57,96.12,,-0.29%
11/16/2018,96.47,97.05,97.06,96.4,,-0.47%
11/15/2018,96.93,97.01,97.39,96.77,,0.13%
11/14/2018,96.8,97.03,97.41,96.75,,-0.51%
11/13/2018,97.3,97.6,97.66,96.94,,-0.25%
11/12/2018,97.54,97.05,97.69,96.97,,0.65%
11/9/2018,96.91,96.63,97.01,96.62,,0.20%
11/8/2018,96.72,96.19,96.74,96.07,,0.75%
11/7/2018,96,95.99,96.46,95.68,,-0.33%
11/6/2018,96.32,96.33,96.45,96.14,,0.04%
11/5/2018,96.28,96.44,96.68,96.25,,-0.27%
11/2/2018,96.54,96.31,96.59,95.99,,0.27%
11/1/2018,96.28,97.08,97.11,96.2,,-0.88%
10/31/2018,97.13,96.99,97.2,96.88,,0.12%
10/30/2018,97.01,96.66,97.02,96.62,,0.45%
10/29/2018,96.58,96.44,96.7,96.35,,0.23%
10/26/2018,96.36,96.59,96.86,96.29,,-0.33%
10/25/2018,96.68,96.36,96.73,96.21,,0.26%
10/24/2018,96.43,95.92,96.53,95.91,,0.49%
10/23/2018,95.96,96.03,96.16,95.81,,-0.05%
10/22/2018,96.01,95.66,96.09,95.47,,0.31%
10/19/2018,95.71,95.95,96.09,95.54,,-0.20%
10/18/2018,95.9,95.66,95.99,95.49,,0.33%
10/17/2018,95.58,95.09,95.66,95.06,,0.56%
10/16/2018,95.05,95.05,95.2,94.79,,-0.01%
10/15/2018,95.06,95.35,95.37,94.95,,-0.17%
10/12/2018,95.22,95.04,95.37,94.95,,0.21%
10/11/2018,95.02,95.43,95.43,94.99,,-0.51%
10/10/2018,95.51,95.59,95.79,95.38,,-0.17%
10/9/2018,95.67,95.75,96.16,95.64,,-0.09%
10/8/2018,95.76,95.62,96.03,95.59,,0.15%
10/5/2018,95.62,95.76,95.94,95.52,,-0.14%
10/4/2018,95.75,96.05,96.12,95.55,,-0.01%
10/3/2018,95.76,95.46,96.12,95.26,,0.26%
10/2/2018,95.51,95.3,95.74,95.26,,0.22%
10/1/2018,95.3,95.11,95.37,95,,0.18%
9/28/2018,95.13,95.02,95.37,94.92,,0.25%
9/27/2018,94.89,94.25,95.01,94.21,,0.74%
9/26/2018,94.19,94.17,94.4,93.95,,0.06%
9/25/2018,94.13,94.25,94.37,94.01,,-0.06%
9/24/2018,94.19,94.23,94.37,93.84,,-0.03%
9/21/2018,94.22,93.89,94.33,93.81,,0.33%
9/20/2018,93.91,94.55,94.56,93.83,,-0.67%
9/19/2018,94.54,94.54,94.73,94.32,,-0.11%
9/18/2018,94.64,94.61,94.73,94.31,,0.15%
9/17/2018,94.5,94.93,94.98,94.44,,-0.45%
9/14/2018,94.93,94.55,95,94.36,,0.43%
9/13/2018,94.52,94.83,94.97,94.43,,-0.30%
9/12/2018,94.8,95.1,95.28,94.73,,-0.47%
9/11/2018,95.25,95.15,95.35,94.88,,0.11%
9/10/2018,95.15,95.43,95.56,95.03,,-0.22%
9/7/2018,95.36,95.02,95.46,94.87,,0.36%
9/6/2018,95.02,95.1,95.21,94.93,,-0.17%
9/5/2018,95.18,95.4,95.66,95.08,,-0.27%
9/4/2018,95.44,95.14,95.74,95.14,,0.32%
9/3/2018,95.14,95.19,95.22,95.01,,0.00%
8/31/2018,95.14,94.7,95.22,94.55,,0.44%
8/30/2018,94.72,94.53,94.9,94.47,,0.13%
8/29/2018,94.6,94.73,94.93,94.53,,-0.13%
8/28/2018,94.72,94.77,94.91,94.43,,-0.06%
8/27/2018,94.78,95.17,95.3,94.69,,-0.39%
8/24/2018,95.15,95.64,95.69,95.03,,-0.54%
8/23/2018,95.67,95.17,95.71,95.15,,0.55%
8/22/2018,95.15,95.21,95.38,94.93,,-0.12%
8/21/2018,95.26,95.74,95.75,95.08,,-0.67%
8/20/2018,95.9,96.13,96.4,95.73,,-0.21%
8/17/2018,96.1,96.61,96.66,96.09,,-0.56%
8/16/2018,96.64,96.72,96.77,96.32,,-0.06%
8/15/2018,96.7,96.66,96.98,96.65,,-0.03%
8/14/2018,96.73,96.33,96.79,96.14,,0.35%
8/13/2018,96.39,96.32,96.52,96.16,,0.03%
8/10/2018,96.36,95.64,96.45,95.53,,0.90%
8/9/2018,95.5,95.1,95.62,95.03,,0.47%
8/8/2018,95.05,95.14,95.42,94.99,,-0.18%
8/7/2018,95.22,95.34,95.37,94.99,,-0.15%
8/6/2018,95.36,95.2,95.52,95.2,,0.23%
8/3/2018,95.14,95.18,95.37,94.98,,-0.02%
8/2/2018,95.16,94.63,95.19,94.61,,0.57%
8/1/2018,94.62,94.56,94.71,94.49,,0.14%
7/31/2018,94.49,94.33,94.57,94.16,,0.18%
7/30/2018,94.32,94.66,94.76,94.26,,-0.37%
7/27/2018,94.67,94.76,94.91,94.63,,-0.08%
7/26/2018,94.75,94.16,94.8,94.08,,0.41%
7/25/2018,94.36,94.59,94.67,94.14,,-0.26%
7/24/2018,94.61,94.67,94.86,94.4,,-0.06%
7/23/2018,94.67,94.43,94.72,94.21,,0.23%
7/20/2018,94.45,95.13,95.28,94.36,,-0.74%
7/19/2018,95.15,95.08,95.65,94.93,,0.07%
7/18/2018,95.08,95.03,95.41,94.96,,0.15%
7/17/2018,94.94,94.55,95.06,94.3,,0.45%
7/16/2018,94.51,94.69,94.77,94.41,,-0.25%
7/13/2018,94.75,94.89,95.24,94.67,,-0.06%
7/12/2018,94.81,94.7,94.94,94.64,,0.10%
7/11/2018,94.72,94.2,94.77,94.09,,0.61%
7/10/2018,94.15,94.06,94.47,94.02,,0.07%
7/9/2018,94.08,93.97,94.21,93.71,,0.04%
7/6/2018,94.04,94.36,94.49,93.92,,-0.46%
7/5/2018,94.47,94.51,94.59,94.18,,-0.21%
7/4/2018,94.67,94.52,94.71,94.4,,0.00%
7/3/2018,94.67,94.84,94.98,94.56,,-0.38%
7/2/2018,95.03,94.63,95.14,94.53,,0.41%
6/29/2018,94.64,95.3,95.32,94.47,,-0.79%
6/28/2018,95.39,95.27,95.53,95.09,,0.13%
6/27/2018,95.27,94.67,95.42,94.53,,0.64%
6/26/2018,94.66,94.29,94.77,94.17,,0.40%
6/25/2018,94.28,94.5,94.7,94.21,,-0.25%
6/22/2018,94.52,94.86,94.88,94.43,,-0.23%
6/21/2018,94.74,95.13,95.53,94.68,,-0.34%
6/20/2018,95.06,94.97,95.3,94.92,,-0.02%
6/19/2018,95.08,94.63,95.3,94.53,,0.30%
6/18/2018,94.8,94.79,95.05,94.7,,0.01%
6/15/2018,94.79,94.91,95.13,94.65,,0.02%
6/14/2018,94.77,93.5,94.93,93.19,,1.13%
6/13/2018,93.71,93.83,94.03,93.52,,-0.10%
6/12/2018,93.8,93.67,93.91,93.47,,0.24%
6/11/2018,93.58,93.54,93.68,93.37,,0.03%
6/8/2018,93.55,93.44,93.82,93.39,,0.16%
6/7/2018,93.4,93.58,93.59,93.21,,-0.28%
6/6/2018,93.66,93.88,93.89,93.42,,-0.26%
6/5/2018,93.9,94.06,94.32,93.78,,-0.13%
6/4/2018,94.02,94.16,94.19,93.66,,-0.18%
6/1/2018,94.19,93.95,94.45,93.88,,0.22%
5/31/2018,93.98,94.07,94.25,93.72,,-0.18%
5/30/2018,94.15,94.82,94.97,94.04,,-0.72%
5/29/2018,94.83,94.41,95.03,94.28,,0.68%
5/28/2018,94.19,94.25,94.5,93.86,,0.00%
5/25/2018,94.19,93.8,94.3,93.75,,0.46%
5/24/2018,93.76,93.9,93.98,93.61,,-0.26%
5/23/2018,94,93.55,94.19,93.51,,0.42%
5/22/2018,93.61,93.54,93.73,93.29,,-0.07%
5/21/2018,93.68,93.69,94.06,93.51,,0.04%
5/18/2018,93.64,93.5,93.83,93.34,,0.18%
5/17/2018,93.47,93.26,93.56,93.12,,0.09%
5/16/2018,93.39,93.31,93.63,93.14,,0.18%
5/15/2018,93.22,92.65,93.46,92.61,,0.68%
5/14/2018,92.59,92.55,92.69,92.24,,0.05%
5/11/2018,92.54,92.69,92.84,92.37,,-0.12%
5/10/2018,92.65,93.08,93.16,92.54,,-0.42%
5/9/2018,93.04,93.05,93.42,92.84,,-0.09%
5/8/2018,93.12,92.73,93.28,92.65,,0.40%
5/7/2018,92.75,92.57,92.97,92.45,,0.19%
5/4/2018,92.57,92.43,92.9,92.35,,0.17%
5/3/2018,92.41,92.72,92.76,92.34,,-0.11%
5/2/2018,92.51,92.47,92.83,92.22,,0.06%
5/1/2018,92.45,91.81,92.57,91.8,,0.66%
4/30/2018,91.84,91.53,91.92,91.48,,0.33%
4/27/2018,91.54,91.56,91.99,91.49,,-0.02%
4/26/2018,91.56,91.21,91.64,90.96,,0.43%
4/25/2018,91.17,90.76,91.26,90.75,,0.44%
4/24/2018,90.77,90.92,91.08,90.71,,-0.20%
4/23/2018,90.95,90.35,90.98,90.32,,0.70%
4/20/2018,90.32,89.9,90.48,89.89,,0.42%
4/19/2018,89.94,89.62,89.95,89.5,,0.36%
4/18/2018,89.62,89.5,89.78,89.45,,0.11%
4/17/2018,89.52,89.41,89.67,89.23,,0.11%
4/16/2018,89.42,89.77,89.85,89.39,,-0.42%
4/13/2018,89.8,89.76,89.88,89.66,,0.06%
4/12/2018,89.75,89.52,89.96,89.44,,0.20%
4/11/2018,89.57,89.58,89.67,89.36,,-0.02%
4/10/2018,89.59,89.83,89.97,89.54,,-0.28%
4/9/2018,89.84,90.07,90.27,89.82,,-0.30%
4/6/2018,90.11,90.38,90.6,90.07,,-0.39%
4/5/2018,90.46,90.09,90.59,90.07,,0.36%
4/4/2018,90.14,90.16,90.23,89.92,,-0.07%
4/3/2018,90.2,90.02,90.28,89.85,,0.17%
4/2/2018,90.05,89.97,90.15,89.82,,0.09%
3/30/2018,89.97,90.1,90.12,89.88,,-0.20%
3/29/2018,90.15,90.11,90.18,89.9,,0.10%
3/28/2018,90.06,89.32,90.15,89.25,,0.82%
3/27/2018,89.33,89.02,89.63,88.94,,0.34%
3/26/2018,89.03,89.47,89.52,88.98,,-0.50%
3/23/2018,89.48,89.67,89.74,89.4,,-0.42%
3/22/2018,89.86,89.65,89.96,89.4,,0.09%
3/21/2018,89.78,90.41,90.4,89.63,,-0.65%
3/20/2018,90.37,89.88,90.44,89.85,,0.67%
3/19/2018,89.77,90.2,90.34,89.76,,-0.51%
3/16/2018,90.23,90.14,90.38,89.89,,0.10%
3/15/2018,90.14,89.75,90.17,89.62,,0.49%
3/14/2018,89.7,89.7,89.89,89.56,,0.04%
3/13/2018,89.66,89.91,90.11,89.59,,-0.26%
3/12/2018,89.89,90.11,90.19,89.84,,-0.22%
3/9/2018,90.09,90.2,90.36,90,,-0.10%
3/8/2018,90.18,89.59,90.23,89.44,,0.60%
3/7/2018,89.64,89.51,89.78,89.41,,0.02%
3/6/2018,89.62,89.96,90.06,89.43,,-0.51%
3/5/2018,90.08,89.83,90.22,89.83,,0.16%
3/2/2018,89.94,90.25,90.29,89.88,,-0.42%
3/1/2018,90.32,90.67,90.93,90.21,,-0.32%
2/28/2018,90.61,90.41,90.7,90.31,,0.28%
2/27/2018,90.36,89.8,90.5,89.69,,0.57%
2/26/2018,89.85,89.96,90.05,89.5,,-0.03%
2/23/2018,89.88,89.78,90.06,89.76,,0.16%
2/22/2018,89.74,90.16,90.23,89.64,,-0.29%
2/21/2018,90,89.71,90.16,89.59,,0.31%
2/20/2018,89.72,89.24,89.8,89.22,,0.70%
2/19/2018,89.1,89.1,89.44,88.95,,0.00%
2/16/2018,89.1,88.57,89.23,88.25,,0.58%
2/15/2018,88.59,88.96,89,88.54,,-0.59%
2/14/2018,89.12,89.69,90.12,88.94,,-0.65%
2/13/2018,89.7,90.09,90.18,89.61,,-0.57%
2/12/2018,90.21,90.35,90.43,90.07,,-0.25%
2/9/2018,90.44,90.25,90.56,90.12,,0.23%
2/8/2018,90.23,90.27,90.57,90.01,,-0.02%
2/7/2018,90.25,89.63,90.4,89.47,,0.75%
2/6/2018,89.58,89.66,90.03,89.37,,0.03%
2/5/2018,89.55,89.35,89.7,89.02,,0.40%
2/2/2018,89.19,88.64,89.42,88.59,,0.59%
2/1/2018,88.67,89.04,89.33,88.56,,-0.52%
1/31/2018,89.13,89.1,89.3,88.78,,-0.03%
1/30/2018,89.16,89.36,89.64,88.91,,-0.17%
1/29/2018,89.31,89.11,89.62,89.01,,0.27%
1/26/2018,89.07,89.4,89.4,88.72,,-0.36%
1/25/2018,89.39,89.32,89.58,88.44,,0.20%
1/24/2018,89.21,90,90.11,89.16,,-1.01%
1/23/2018,90.12,90.39,90.59,90.06,,-0.31%
1/22/2018,90.4,90.44,90.7,90.35,,-0.19%
1/19/2018,90.57,90.5,90.7,90.16,,0.08%
1/18/2018,90.5,90.78,90.98,90.41,,-0.04%
1/17/2018,90.54,90.41,91,90.11,,0.17%
1/16/2018,90.39,90.44,90.82,90.34,,-0.64%
1/15/2018,90.97,90.94,90.94,90.28,,0.00%
1/12/2018,90.97,91.85,91.88,90.9,,-0.96%
1/11/2018,91.85,92.33,92.55,91.79,,-0.52%
1/10/2018,92.33,92.57,92.57,91.92,,-0.22%
1/9/2018,92.53,92.34,92.64,92.21,,0.18%
1/8/2018,92.36,92.06,92.4,91.88,,0.45%
1/5/2018,91.95,91.87,92.1,91.78,,0.11%
1/4/2018,91.85,92.22,92.26,91.8,,-0.34%
1/3/2018,92.16,91.82,92.26,91.81,,0.32%
1/2/2018,91.87,92.24,92.25,91.75,,-0.41%
1/1/2018,92.25,92.29,92.32,92.18,,-0.04%
12/31/2017,92.28,92.28,92.28,92.28,,0.18%
12/29/2017,92.12,92.67,92.67,92.08,,-0.52%
12/28/2017,92.6,93,93.02,92.57,,-0.46%
12/27/2017,93.03,93.3,93.31,92.96,,-0.25%
12/26/2017,93.26,93.25,93.4,93.2,,-0.10%
12/25/2017,93.35,93.37,93.4,93.19,,0.00%
12/22/2017,93.35,93.37,93.56,93.31,,0.08%
12/21/2017,93.28,93.31,93.5,93.23,,-0.03%
12/20/2017,93.31,93.5,93.53,93.16,,-0.14%
12/19/2017,93.44,93.71,93.76,93.43,,-0.27%
12/18/2017,93.69,93.98,94.03,93.38,,-0.26%
12/15/2017,93.93,93.65,94,93.41,,0.47%
12/14/2017,93.49,93.41,93.76,93.28,,0.06%
12/13/2017,93.43,94.06,94.11,93.39,,-0.71%
12/12/2017,94.1,93.91,94.22,93.76,,0.25%
12/11/2017,93.87,93.93,93.98,93.67,,-0.03%
12/8/2017,93.9,93.79,94.09,93.77,,0.11%
12/7/2017,93.8,93.54,93.8,93.51,,0.20%
12/6/2017,93.61,93.31,93.65,93.17,,0.25%
12/5/2017,93.38,93.08,93.49,93.03,,0.20%
12/4/2017,93.19,93.17,93.36,93.07,,0.32%
12/1/2017,92.89,93.03,93.25,92.6,,-0.17%
11/30/2017,93.05,93.26,93.5,92.73,,-0.12%
11/29/2017,93.16,93.22,93.44,92.99,,-0.12%
11/28/2017,93.27,92.89,93.34,92.83,,0.40%
11/27/2017,92.9,92.73,92.98,92.5,,0.13%
11/24/2017,92.78,93.12,93.25,92.67,,-0.47%
11/23/2017,93.22,93.3,93.31,93.07,,0.00%
11/22/2017,93.22,93.93,93.96,93.21,,-0.78%
11/21/2017,93.95,94.04,94.17,93.88,,-0.14%
11/20/2017,94.08,93.71,94.1,93.58,,0.45%
11/17/2017,93.66,93.87,93.93,93.51,,-0.29%
11/16/2017,93.93,93.84,94,93.77,,0.13%
11/15/2017,93.81,93.86,93.93,93.4,,-0.02%
11/14/2017,93.83,94.52,94.54,93.75,,-0.70%
11/13/2017,94.49,94.42,94.64,94.4,,0.11%
11/10/2017,94.39,94.5,94.65,94.26,,-0.05%
11/9/2017,94.44,94.88,94.96,94.42,,-0.45%
11/8/2017,94.87,94.8,94.97,94.78,,-0.04%
11/7/2017,94.91,94.72,95.15,94.7,,0.16%
11/6/2017,94.76,94.87,95.08,94.69,,-0.19%
11/3/2017,94.94,94.73,95.02,94.41,,0.26%
11/2/2017,94.69,94.8,94.8,94.41,,-0.13%
11/1/2017,94.81,94.55,94.85,94.51,,0.27%
10/31/2017,94.55,94.54,94.7,94.45,,-0.01%
10/30/2017,94.56,94.83,94.9,94.44,,-0.38%
10/27/2017,94.92,94.72,95.15,94.73,,0.33%
10/26/2017,94.61,93.63,94.72,93.48,,0.96%
10/25/2017,93.71,93.94,94.01,93.61,,-0.06%
10/24/2017,93.77,93.83,93.99,93.68,,-0.18%
10/23/2017,93.94,93.82,94.02,93.68,,0.26%
10/20/2017,93.7,93.16,93.78,93.12,,0.58%
10/19/2017,93.16,93.42,93.55,93.06,,-0.21%
10/18/2017,93.36,93.48,93.8,93.36,,-0.16%
10/17/2017,93.51,93.31,93.73,93.28,,0.21%
10/16/2017,93.31,93.08,93.36,93.08,,0.24%
10/13/2017,93.09,93.09,93.24,92.75,,0.03%
10/12/2017,93.06,92.95,93.23,92.8,,0.04%
10/11/2017,93.02,93.25,93.37,92.9,,-0.29%
10/10/2017,93.29,93.73,93.74,93.14,,-0.41%
10/9/2017,93.67,93.77,93.84,93.62,,-0.14%
10/6/2017,93.8,93.92,94.27,93.77,,-0.17%
10/5/2017,93.96,93.48,93.99,93.41,,0.53%
10/4/2017,93.46,93.57,93.58,93.26,,-0.12%
10/3/2017,93.57,93.6,93.92,93.43,,0.01%
10/2/2017,93.56,93.22,93.66,93.12,,0.52%
9/29/2017,93.08,93.17,93.27,92.95,,0.00%
9/28/2017,93.08,93.47,93.67,93.07,,-0.30%
9/27/2017,93.36,93.04,93.61,93,,0.42%
9/26/2017,92.97,92.6,93.29,92.55,,0.35%
9/25/2017,92.65,92.42,92.72,92.21,,0.52%
9/22/2017,92.17,92.18,92.22,91.78,,-0.02%
9/21/2017,92.19,92.47,92.66,92.1,,-0.35%
9/20/2017,92.51,91.83,92.7,91.53,,0.78%
9/19/2017,91.79,91.98,92.05,91.75,,-0.28%
9/18/2017,92.05,91.95,92.21,91.8,,0.20%
9/15/2017,91.87,92,92.17,91.58,,-0.27%
9/14/2017,92.12,92.35,92.66,91.97,,-0.43%
9/13/2017,92.52,91.88,92.53,91.71,,0.70%
9/12/2017,91.88,91.86,92.08,91.77,,-0.02%
9/11/2017,91.9,91.44,91.98,91.42,,0.60%
9/8/2017,91.35,91.49,91.51,91.01,,-0.34%
9/7/2017,91.66,92.2,92.25,91.41,,-0.68%
9/6/2017,92.29,92.24,92.38,91.99,,0.04%
9/5/2017,92.25,92.6,92.73,92.18,,-0.42%
9/4/2017,92.64,92.66,92.7,92.44,,-0.18%
9/1/2017,92.81,92.61,92.93,92.1,,0.15%
8/31/2017,92.67,92.85,93.35,92.56,,-0.23%
8/30/2017,92.88,92.3,92.95,92.25,,0.68%
8/29/2017,92.25,92.22,92.47,91.62,,0.04%
8/28/2017,92.21,92.32,92.55,92.17,,-0.57%
8/25/2017,92.74,93.27,93.44,92.42,,-0.58%
8/24/2017,93.28,93.16,93.38,93.14,,0.14%
8/23/2017,93.15,93.51,93.63,93.13,,-0.43%
8/22/2017,93.55,93.14,93.58,93.06,,0.49%
8/21/2017,93.09,93.45,93.58,93,,-0.36%
8/18/2017,93.43,93.68,93.76,93.33,,-0.20%
8/17/2017,93.62,93.44,94.08,93.31,,0.09%
8/16/2017,93.54,93.83,94.14,93.47,,-0.33%
8/15/2017,93.85,93.46,94.14,93.44,,0.47%
8/14/2017,93.41,93.07,93.5,93.05,,0.37%
8/11/2017,93.07,93.43,93.51,92.93,,-0.35%
8/10/2017,93.4,93.5,93.81,93.32,,-0.16%
8/9/2017,93.55,93.56,93.89,93.49,,-0.11%
8/8/2017,93.65,93.44,93.88,93.24,,0.24%
8/7/2017,93.43,93.51,93.54,93.3,,-0.12%
8/4/2017,93.54,92.76,93.77,92.7,,0.75%
8/3/2017,92.84,92.9,93.04,92.68,,0.00%
8/2/2017,92.84,93.06,93.16,92.55,,-0.21%
8/1/2017,93.04,92.89,93.12,92.78,,0.19%
7/31/2017,92.86,93.36,93.53,92.78,,-0.43%
7/28/2017,93.26,93.87,93.95,93.26,,-0.64%
7/27/2017,93.86,93.46,94.1,93.15,,0.20%
7/26/2017,93.67,94.09,94.28,93.37,,-0.40%
7/25/2017,94.05,94.03,94.12,93.64,,0.07%
7/24/2017,93.98,93.94,94.12,93.82,,0.13%
7/21/2017,93.86,94.3,94.36,93.85,,-0.48%
7/20/2017,94.31,94.77,95.17,94.09,,-0.50%
7/19/2017,94.78,94.69,94.89,94.64,,0.19%
7/18/2017,94.6,95.16,95.19,94.48,,-0.56%
7/17/2017,95.13,95.09,95.35,95.02,,-0.02%
7/14/2017,95.15,95.8,95.83,95.09,,-0.61%
7/13/2017,95.73,95.78,95.92,95.46,,-0.03%
7/12/2017,95.76,95.71,95.98,95.51,,0.09%
7/11/2017,95.67,96.07,96.2,95.65,,-0.36%
7/10/2017,96.02,96.03,96.2,95.95,,0.01%
7/7/2017,96.01,95.8,96.15,95.75,,0.22%
7/6/2017,95.8,96.19,96.34,95.78,,-0.51%
7/5/2017,96.29,96.19,96.51,96.07,,0.07%
7/4/2017,96.22,96.16,96.33,96.05,,0.00%
7/3/2017,96.22,95.65,96.24,95.63,,0.62%
6/30/2017,95.63,95.54,95.83,95.47,,0.00%
6/29/2017,95.63,96.04,96.05,95.53,,-0.40%
6/28/2017,96.01,96.43,96.62,95.97,,-0.39%
6/27/2017,96.39,97.43,97.45,96.34,,-1.07%
6/26/2017,97.43,97.24,97.47,97.11,,0.17%
6/23/2017,97.26,97.56,97.58,97.18,,-0.34%
6/22/2017,97.59,97.55,97.65,97.43,,0.03%
6/21/2017,97.56,97.73,97.8,97.52,,-0.20%
6/20/2017,97.76,97.53,97.87,97.43,,0.22%
6/19/2017,97.55,97.1,97.58,97.05,,0.40%
6/16/2017,97.16,97.48,97.56,97.1,,-0.28%
6/15/2017,97.43,96.93,97.56,96.84,,0.51%
6/14/2017,96.94,97,97.12,96.32,,-0.03%
6/13/2017,96.97,97.17,97.28,96.95,,-0.18%
6/12/2017,97.14,97.22,97.32,97.04,,-0.13%
6/9/2017,97.27,97.18,97.5,97.14,,0.36%
6/8/2017,96.92,96.7,97.23,96.59,,0.18%
6/7/2017,96.75,96.54,96.98,96.51,,0.11%
6/6/2017,96.64,96.79,96.8,96.52,,-0.17%
6/5/2017,96.8,96.73,96.97,96.7,,0.08%
6/2/2017,96.72,97.19,97.31,96.65,,-0.49%
6/1/2017,97.2,96.99,97.32,96.9,,0.29%
5/31/2017,96.92,97.43,97.5,96.86,,-0.37%
5/30/2017,97.28,97.63,97.78,97.22,,-0.16%
5/29/2017,97.44,97.43,97.61,97.33,,0.00%
5/26/2017,97.44,97.23,97.55,97.04,,0.20%
5/25/2017,97.25,97.07,97.28,96.88,,0.01%
5/24/2017,97.24,97.34,97.47,97.03,,-0.11%
5/23/2017,97.35,96.95,97.42,96.8,,0.38%
5/22/2017,96.98,97.22,97.44,96.8,,-0.16%
5/19/2017,97.14,97.85,97.85,97.08,,-0.76%
5/18/2017,97.88,97.44,98.07,97.37,,0.31%
5/17/2017,97.58,98.09,98.13,97.33,,-0.54%
5/16/2017,98.11,98.88,98.89,98.08,,-0.81%
5/15/2017,98.91,99.15,99.26,98.79,,-0.34%
5/12/2017,99.25,99.63,99.7,99.16,,-0.37%
5/11/2017,99.62,99.66,99.89,99.49,,-0.05%
5/10/2017,99.67,99.48,99.72,99.36,,0.01%
5/9/2017,99.66,99.14,99.69,99.08,,0.61%
5/8/2017,99.06,98.79,99.19,98.6,,0.42%
5/5/2017,98.65,98.77,98.97,98.54,,-0.15%
5/4/2017,98.8,99.35,99.46,98.71,,-0.41%
5/3/2017,99.21,98.92,99.39,98.89,,0.23%
5/2/2017,98.98,99.07,99.22,98.92,,-0.10%
5/1/2017,99.08,98.93,99.21,98.89,,0.03%
4/28/2017,99.05,99.17,99.25,98.72,,-0.03%
4/27/2017,99.08,98.95,99.33,98.81,,0.03%
4/26/2017,99.05,98.85,99.33,98.73,,0.27%
4/25/2017,98.78,99.05,99.22,98.69,,-0.31%
4/24/2017,99.09,98.97,99.33,98.91,,-0.89%
4/21/2017,99.98,99.83,100.03,99.65,,0.20%
4/20/2017,99.78,99.78,99.85,99.37,,0.04%
4/19/2017,99.74,99.51,99.89,99.51,,0.24%
4/18/2017,99.5,100.34,100.4,99.47,,-0.79%
4/17/2017,100.29,100.49,100.47,100,,-0.27%
4/14/2017,100.56,100.58,100.61,100.36,,0.00%
4/13/2017,100.56,100.16,100.6,100.01,,-0.22%
4/12/2017,100.78,100.73,100.82,100.09,,0.07%
4/11/2017,100.71,100.97,101.08,100.58,,-0.31%
4/10/2017,101.02,101.18,101.34,100.94,,-0.16%
4/7/2017,101.18,100.73,101.26,100.52,,0.51%
4/6/2017,100.67,100.5,100.77,100.38,,0.11%
4/5/2017,100.56,100.52,100.85,100.41,,0.02%
4/4/2017,100.54,100.49,100.73,100.42,,0.00%
4/3/2017,100.54,100.5,100.69,100.37,,0.19%
3/31/2017,100.35,100.49,100.65,100.25,,-0.06%
3/30/2017,100.41,99.96,100.6,99.92,,0.41%
3/29/2017,100,99.7,100.13,99.67,,0.29%
3/28/2017,99.71,99.22,99.79,99.11,,0.54%
3/27/2017,99.17,99.47,99.53,98.86,,-0.46%
3/24/2017,99.63,99.77,100,99.53,,-0.13%
3/23/2017,99.76,99.75,99.87,99.63,,0.08%
3/22/2017,99.68,99.69,99.93,99.55,,-0.13%
3/21/2017,99.81,100.37,100.47,99.66,,-0.60%
3/20/2017,100.41,100.36,100.45,100.02,,0.11%
3/17/2017,100.3,100.24,100.47,100.14,,-0.06%
3/16/2017,100.36,100.56,100.75,100.21,,-0.38%
3/15/2017,100.74,101.71,101.72,100.49,,-0.94%
3/14/2017,101.7,101.4,101.79,101.34,,0.38%
3/13/2017,101.31,101.31,101.39,101.01,,0.06%
3/10/2017,101.25,101.99,102,101.17,,-0.59%
3/9/2017,101.85,102.11,102.25,101.7,,-0.22%
3/8/2017,102.07,101.79,102.19,101.71,,0.26%
3/7/2017,101.81,101.68,101.91,101.53,,0.17%
3/6/2017,101.64,101.4,101.75,101.22,,0.10%
3/3/2017,101.54,102.13,102.17,101.34,,-0.65%
3/2/2017,102.2,101.92,102.26,101.78,,0.41%
3/1/2017,101.78,101.43,101.97,101.23,,0.65%
2/28/2017,101.12,101.21,101.4,100.78,,-0.01%
2/27/2017,101.13,101.11,101.27,100.69,,0.04%
2/24/2017,101.09,100.95,101.17,100.66,,0.04%
2/23/2017,101.05,101.38,101.44,100.87,,-0.17%
2/22/2017,101.22,101.4,101.72,101.17,,-0.15%
2/21/2017,101.37,100.93,101.6,100.91,,0.42%
2/20/2017,100.95,100.93,100.98,100.77,,0.00%
2/17/2017,100.95,100.52,100.96,100.45,,0.51%
2/16/2017,100.44,101.05,101.07,100.41,,-0.73%
2/15/2017,101.18,101.22,101.76,101,,-0.07%
2/14/2017,101.25,100.98,101.38,100.7,,0.29%
2/13/2017,100.96,100.84,101.11,100.58,,0.16%
2/10/2017,100.8,100.67,101.01,100.58,,0.15%
2/9/2017,100.65,100.22,100.68,100.08,,0.37%
2/8/2017,100.28,100.44,100.64,100.06,,0.02%
2/7/2017,100.26,99.93,100.72,99.91,,0.35%
2/6/2017,99.91,99.65,100.25,99.63,,0.04%
2/3/2017,99.87,99.79,100.26,99.56,,0.08%
2/2/2017,99.79,99.76,99.87,99.23,,0.15%
2/1/2017,99.64,99.56,100.04,99.5,,0.13%
1/31/2017,99.51,100.33,100.51,99.43,,-0.92%
1/30/2017,100.43,100.32,101.02,100.17,,-0.10%
1/27/2017,100.53,100.49,100.82,100.32,,0.15%
1/26/2017,100.38,99.91,100.73,99.79,,0.35%
1/25/2017,100.03,100.31,100.41,99.83,,-0.32%
1/24/2017,100.35,100.08,100.43,99.92,,0.19%
1/23/2017,100.16,100.74,100.74,99.9,,-0.58%
1/20/2017,100.74,101.17,101.5,100.7,,-0.41%
1/19/2017,101.15,101.35,101.73,100.97,,0.22%
1/18/2017,100.93,100.43,101.34,100.32,,0.60%
1/17/2017,100.33,101.54,101.62,100.26,,-0.84%
1/16/2017,101.18,101.66,101.73,101.32,,0.00%
1/13/2017,101.18,101.51,101.67,101.01,,-0.17%
1/12/2017,101.35,101.67,101.8,100.72,,-0.42%
1/11/2017,101.78,102.07,102.95,101.28,,-0.23%
1/10/2017,102.01,101.85,102.1,101.51,,0.08%
1/9/2017,101.93,102.25,102.52,101.8,,-0.28%
1/6/2017,102.22,101.4,102.29,101.37,,0.69%
1/5/2017,101.52,102.45,102.51,101.3,,-1.15%
1/4/2017,102.7,103.17,103.44,102.39,,-0.49%
1/3/2017,103.21,102.88,103.82,102.59,,0.37%
1/2/2017,102.83,102.38,102.94,102.21,,0.61%
12/30/2016,102.21,102.13,102.59,101.91,,-0.46%
12/29/2016,102.68,103.21,103.25,102.6,,-0.60%
12/28/2016,103.3,103.02,103.63,102.87,,0.27%
12/27/2016,103.02,102.97,103.15,102.95,,0.01%
12/26/2016,103.01,103.01,103.02,102.83,,0.00%
12/23/2016,103.01,103.08,103.23,102.88,,-0.08%
12/22/2016,103.09,103.05,103.14,102.59,,0.07%
12/21/2016,103.02,103.26,103.38,102.77,,-0.26%
12/20/2016,103.29,103.15,103.65,103.03,,0.15%
12/19/2016,103.14,102.9,103.21,102.52,,0.18%
12/16/2016,102.95,103.16,103.27,102.62,,-0.07%
12/15/2016,103.02,102.23,103.56,102.16,,1.24%
12/14/2016,101.76,101.04,102.35,100.73,,0.68%
12/13/2016,101.07,100.89,101.16,100.75,,0.04%
12/12/2016,101.03,101.71,101.78,100.84,,-0.55%
12/9/2016,101.59,101.06,101.74,101.01,,0.48%
12/8/2016,101.1,100.23,101.25,99.43,,0.87%
12/7/2016,100.23,100.48,100.6,100.13,,-0.26%
12/6/2016,100.49,100.13,100.58,99.98,,0.40%
12/5/2016,100.09,100.84,101.54,99.85,,-0.67%
12/2/2016,100.77,100.88,101.11,100.62,,-0.27%
12/1/2016,101.04,101.52,101.59,100.87,,-0.45%
11/30/2016,101.5,100.85,101.83,100.84,,0.56%
11/29/2016,100.93,101.18,101.64,100.86,,-0.39%
11/28/2016,101.33,101.25,101.6,100.64,,-0.16%
11/25/2016,101.49,101.84,101.92,101.21,,-0.21%
11/24/2016,101.7,101.82,102.05,101.43,,0.00%
11/23/2016,101.7,100.95,101.91,100.89,,0.65%
11/22/2016,101.04,100.77,101.32,100.65,,-0.01%
11/21/2016,101.05,101.28,101.4,100.74,,-0.16%
11/18/2016,101.21,100.97,101.48,100.83,,0.32%
11/17/2016,100.89,100.26,101.01,99.96,,0.48%
11/16/2016,100.41,100.18,100.57,99.9,,0.18%
11/15/2016,100.23,99.8,100.26,99.45,,0.12%
11/14/2016,100.11,99.13,100.22,99.13,,1.06%
11/11/2016,99.06,98.85,99.13,98.54,,0.28%
11/10/2016,98.78,98.61,99.08,98.31,,0.28%
11/9/2016,98.5,97.68,98.7,95.89,,0.65%
11/8/2016,97.86,97.74,98,97.55,,0.08%
11/7/2016,97.78,97.54,97.87,97.22,,0.74%
11/4/2016,97.06,97.17,97.35,96.89,,-0.10%
11/3/2016,97.16,97.37,97.46,97.04,,-0.25%
11/2/2016,97.4,97.75,97.8,97.18,,-0.31%
11/1/2016,97.7,98.39,98.48,97.64,,-0.75%
10/31/2016,98.44,98.3,98.7,98.29,,0.09%
10/28/2016,98.35,98.92,98.94,98.24,,-0.55%
10/27/2016,98.89,98.62,99.03,98.5,,0.26%
10/26/2016,98.63,98.7,98.84,98.33,,-0.09%
10/25/2016,98.72,98.77,99.12,98.61,,-0.04%
10/24/2016,98.76,98.64,98.85,98.54,,0.07%
10/21/2016,98.69,98.32,98.81,98.31,,0.39%
10/20/2016,98.31,97.85,98.4,97.66,,0.40%
10/19/2016,97.92,97.89,97.97,97.63,,0.03%
10/18/2016,97.89,97.87,97.96,97.61,,0.00%
10/17/2016,97.89,98.15,98.17,97.81,,-0.13%
10/14/2016,98.02,97.53,98.12,97.51,,0.51%
10/13/2016,97.52,97.99,98.13,97.5,,-0.46%
10/12/2016,97.97,97.54,98.04,97.45,,0.29%
10/11/2016,97.69,96.91,97.76,96.91,,0.78%
10/10/2016,96.93,96.63,96.97,96.46,,0.31%
10/7/2016,96.63,97.12,97.19,96.4,,-0.14%
10/6/2016,96.77,96.14,96.77,96.11,,0.68%
10/5/2016,96.12,96.1,96.31,95.96,,-0.05%
10/4/2016,96.17,95.73,96.44,95.73,,0.50%
10/3/2016,95.69,95.54,95.8,95.46,,0.24%
9/30/2016,95.46,95.51,95.96,95.34,,-0.07%
9/29/2016,95.53,95.37,95.68,95.33,,0.10%
9/28/2016,95.43,95.45,95.74,95.36,,-0.01%
9/27/2016,95.44,95.32,95.67,95.24,,0.15%
9/26/2016,95.3,95.4,95.53,95.13,,-0.19%
9/23/2016,95.48,95.36,95.68,95.34,,0.03%
9/22/2016,95.45,95.5,95.53,95.05,,-0.22%
9/21/2016,95.66,96,96.33,95.44,,-0.37%
9/20/2016,96.02,95.83,96.04,95.6,,0.19%
9/19/2016,95.84,96.07,96.07,95.64,,-0.28%
9/16/2016,96.11,95.23,96.11,95.22,,0.86%
9/15/2016,95.29,95.33,95.56,95.08,,-0.04%
9/14/2016,95.33,95.56,95.66,95.2,,-0.31%
9/13/2016,95.63,95.12,95.67,95.08,,0.57%
9/12/2016,95.09,95.3,95.45,94.94,,-0.26%
9/9/2016,95.34,94.94,95.58,94.8,,0.33%
9/8/2016,95.03,94.96,95.14,94.47,,0.07%
9/7/2016,94.96,94.89,95.06,94.69,,0.15%
9/6/2016,94.82,95.79,95.86,94.77,,-1.06%
9/5/2016,95.84,95.89,95.89,95.55,,0.00%
9/2/2016,95.84,95.67,95.96,95.19,,0.20%
9/1/2016,95.65,95.98,96.24,95.59,,-0.39%
8/31/2016,96.02,96.01,96.25,95.9,,-0.03%
8/30/2016,96.05,95.58,96.14,95.53,,0.49%
8/29/2016,95.58,95.61,95.83,95.48,,0.01%
8/26/2016,95.57,94.72,95.59,94.25,,0.84%
8/25/2016,94.77,94.78,94.83,94.59,,-0.02%
8/24/2016,94.79,94.55,94.91,94.5,,0.26%
8/23/2016,94.54,94.55,94.58,94.21,,0.02%
8/22/2016,94.52,94.72,94.96,94.44,,0.01%
8/19/2016,94.51,94.23,94.63,94.22,,0.37%
8/18/2016,94.16,94.7,94.7,94.08,,-0.59%
8/17/2016,94.72,94.8,95.1,94.51,,-0.07%
8/16/2016,94.79,95.61,95.66,94.43,,-0.88%
8/15/2016,95.63,95.65,95.8,95.47,,-0.09%
8/12/2016,95.72,95.92,95.99,95.25,,-0.15%
8/11/2016,95.86,95.58,95.97,95.5,,0.22%
8/10/2016,95.65,96.12,96.12,95.44,,-0.55%
8/9/2016,96.18,96.39,96.52,96.08,,-0.23%
8/8/2016,96.4,96.29,96.47,96.15,,0.22%
8/5/2016,96.19,95.78,96.52,95.55,,0.45%
8/4/2016,95.76,95.54,95.9,95.42,,0.21%
8/3/2016,95.56,95.13,95.61,95.13,,0.53%
8/2/2016,95.06,95.82,95.85,95,,-0.68%
8/1/2016,95.71,95.59,95.82,95.54,,0.19%
7/29/2016,95.53,96.62,96.62,95.38,,-1.25%
7/28/2016,96.74,96.73,96.77,96.29,,-0.32%
7/27/2016,97.05,97.14,97.53,96.67,,-0.11%
7/26/2016,97.16,97.29,97.32,96.85,,-0.13%
7/25/2016,97.29,97.35,97.57,97.22,,-0.18%
7/22/2016,97.47,96.92,97.54,96.83,,0.48%
7/21/2016,97,97.13,97.21,96.73,,-0.21%
7/20/2016,97.2,97.08,97.32,96.99,,0.14%
7/19/2016,97.06,96.55,97.15,96.52,,0.52%
7/18/2016,96.56,96.59,96.71,96.47,,-0.02%
7/15/2016,96.58,96.13,96.73,95.91,,0.52%
7/14/2016,96.08,96.27,96.37,95.83,,-0.15%
7/13/2016,96.22,96.51,96.6,96.09,,-0.23%
7/12/2016,96.44,96.54,96.64,96.07,,-0.13%
7/11/2016,96.57,96.29,96.79,96.27,,0.28%
7/8/2016,96.3,96.28,96.7,95.83,,-0.03%
7/7/2016,96.33,96.13,96.34,95.92,,0.29%
7/6/2016,96.05,96.25,96.5,95.98,,-0.12%
7/5/2016,96.17,95.54,96.25,95.34,,0.54%
7/4/2016,95.65,95.69,95.89,95.43,,0.00%
7/1/2016,95.65,95.89,96.08,95.41,,-0.51%
6/30/2016,96.14,95.67,96.42,95.44,,0.39%
6/29/2016,95.77,96.04,96.2,95.59,,-0.50%
6/28/2016,96.25,96.41,96.41,95.77,,-0.30%
6/27/2016,96.54,96.07,96.7,95.81,,1.14%
6/24/2016,95.45,93.45,96.7,93.45,,2.05%
6/23/2016,93.53,93.5,93.61,93.02,,-0.20%
6/22/2016,93.72,94.05,94.12,93.42,,-0.32%
6/21/2016,94.02,93.61,94.14,93.42,,0.44%
6/20/2016,93.61,93.87,93.87,93.45,,-0.64%
6/17/2016,94.21,94.58,94.59,94.07,,-0.38%
6/16/2016,94.57,94.6,95.32,94.2,,-0.04%
6/15/2016,94.61,94.91,95.04,94.36,,-0.34%
6/14/2016,94.93,94.36,95.03,94.32,,0.60%
6/13/2016,94.36,94.65,94.75,94.24,,-0.22%
6/10/2016,94.57,94.09,94.71,94.05,,0.66%
6/9/2016,93.95,93.55,94.13,93.43,,0.38%
6/8/2016,93.59,93.86,93.87,93.42,,-0.26%
6/7/2016,93.83,94.02,94.09,93.75,,-0.07%
6/6/2016,93.9,94.02,94.27,93.75,,-0.14%
6/3/2016,94.03,95.55,95.64,93.86,,-1.60%
6/2/2016,95.56,95.43,95.61,95.15,,0.12%
6/1/2016,95.45,95.81,95.9,95.34,,-0.46%
5/31/2016,95.89,95.66,95.89,95.46,,0.39%
5/30/2016,95.52,95.7,95.97,95.52,,0.00%
5/27/2016,95.52,95.14,95.78,95.08,,0.37%
5/26/2016,95.17,95.42,95.42,94.94,,-0.19%
5/25/2016,95.35,95.63,95.66,95.33,,-0.23%
5/24/2016,95.57,95.27,95.66,95.2,,0.36%
5/23/2016,95.23,95.32,95.48,95.1,,-0.10%
5/20/2016,95.33,95.29,95.46,95.17,,0.04%
5/19/2016,95.29,95.15,95.5,95.12,,0.22%
5/18/2016,95.08,94.58,95.27,94.53,,0.56%
5/17/2016,94.55,94.57,94.71,94.33,,-0.02%
5/16/2016,94.57,94.65,94.68,94.4,,-0.04%
5/13/2016,94.61,94.12,94.84,94.12,,0.49%
5/12/2016,94.15,93.85,94.19,93.8,,0.35%
5/11/2016,93.82,94.26,94.26,93.68,,-0.50%
5/10/2016,94.29,94.13,94.36,94.03,,0.17%
5/9/2016,94.13,93.91,94.2,93.8,,0.26%
5/6/2016,93.89,93.73,93.96,93.28,,0.12%
5/5/2016,93.78,93.21,93.86,93.17,,0.64%
5/4/2016,93.18,92.98,93.36,92.85,,0.26%
5/3/2016,92.94,92.6,93.11,91.92,,0.33%
5/2/2016,92.63,93.02,93.07,92.54,,-0.48%
4/29/2016,93.08,93.8,93.8,93.01,,-0.73%
4/28/2016,93.76,94.39,94.58,93.69,,-0.67%
4/27/2016,94.39,94.53,94.8,94.15,,-0.19%
4/26/2016,94.57,94.79,94.81,94.2,,-0.28%
4/25/2016,94.84,95.11,95.08,94.68,,-0.29%
4/22/2016,95.12,94.63,95.2,94.47,,0.55%
4/21/2016,94.6,94.53,94.7,93.92,,0.12%
4/20/2016,94.49,94.14,94.59,93.94,,0.54%
4/19/2016,93.98,94.49,94.55,93.93,,-0.54%
4/18/2016,94.49,94.59,94.83,94.38,,-0.22%
4/15/2016,94.7,94.93,95.05,94.51,,-0.21%
4/14/2016,94.9,94.81,95.2,94.68,,0.17%
4/13/2016,94.74,94.05,94.85,94,,0.83%
4/12/2016,93.96,93.99,94.39,93.63,,0.01%
4/11/2016,93.95,94.1,94.34,93.75,,-0.30%
4/8/2016,94.23,94.56,94.68,94.09,,-0.26%
4/7/2016,94.48,94.48,94.67,94.02,,0.05%
4/6/2016,94.43,94.6,95.07,94.24,,-0.21%
4/5/2016,94.63,94.58,94.98,94.45,,0.13%
4/4/2016,94.51,94.56,94.83,94.41,,-0.12%
4/1/2016,94.62,94.64,95.11,94.33,,0.03%
3/31/2016,94.59,94.84,95.03,94.32,,-0.26%
3/30/2016,94.84,95.21,95.22,94.59,,-0.34%
3/29/2016,95.16,95.96,96.22,95.09,,-0.81%
3/28/2016,95.94,96.27,96.4,95.84,,-0.21%
3/25/2016,96.14,96.11,96.36,96.11,,0.00%
3/24/2016,96.14,96.07,96.36,96.04,,0.09%
3/23/2016,96.05,95.64,96.23,95.62,,0.42%
3/22/2016,95.65,95.43,95.75,95.26,,0.38%
3/21/2016,95.29,95.15,95.41,95,,0.21%
3/18/2016,95.09,94.77,95.17,94.58,,0.35%
3/17/2016,94.76,95.75,95.83,94.65,,-1.18%
3/16/2016,95.89,96.67,97.06,95.54,,-0.77%
3/15/2016,96.63,96.6,96.87,96.47,,0.01%
3/14/2016,96.62,96.31,96.71,96.14,,0.47%
3/11/2016,96.17,96.17,96.72,95.94,,0.10%
3/10/2016,96.07,97.23,98.42,95.94,,-1.13%
3/9/2016,97.17,97.22,97.57,96.93,,-0.04%
3/8/2016,97.21,97.11,97.27,96.89,,0.14%
3/7/2016,97.07,97.4,97.7,97.04,,-0.28%
3/4/2016,97.34,97.67,98.03,97.02,,-0.26%
3/3/2016,97.59,98.2,98.35,97.46,,-0.63%
3/2/2016,98.21,98.26,98.58,98.12,,-0.14%
3/1/2016,98.35,98.18,98.57,98.09,,0.14%
2/29/2016,98.21,98.17,98.37,97.8,,0.06%
2/26/2016,98.15,97.4,98.26,97.1,,0.88%
2/25/2016,97.29,97.49,97.72,97.22,,-0.17%
2/24/2016,97.46,97.47,97.92,97.23,,-0.02%
2/23/2016,97.48,97.36,97.58,97.14,,0.10%
2/22/2016,97.38,96.78,97.6,96.73,,0.81%
2/19/2016,96.6,96.87,97.17,96.56,,-0.36%
2/18/2016,96.95,96.89,97.09,96.69,,0.17%
2/17/2016,96.79,96.94,97.1,96.63,,-0.08%
2/16/2016,96.87,96.58,96.99,96.38,,0.93%
2/15/2016,95.98,96.08,96.88,95.94,,0.04%
2/12/2016,95.94,95.5,96.22,95.46,,0.40%
2/11/2016,95.56,95.89,95.9,95.24,,-0.34%
2/10/2016,95.89,96.06,96.72,95.76,,-0.19%
2/9/2016,96.07,96.73,96.83,95.66,,-0.52%
2/8/2016,96.57,97.06,97.48,96.54,,-0.47%
2/5/2016,97.03,96.56,97.27,96.32,,0.58%
2/4/2016,96.47,97.29,97.47,96.26,,-0.84%
2/3/2016,97.29,98.83,98.94,96.89,,-1.60%
2/2/2016,98.87,98.99,99.09,98.75,,-0.14%
2/1/2016,99.01,99.55,99.63,98.93,,-0.60%
1/29/2016,99.61,98.65,99.83,98.58,,1.12%
1/28/2016,98.51,98.88,99.11,98.42,,-0.39%
1/27/2016,98.9,99.02,99.16,98.71,,-0.46%
1/26/2016,99.36,99.3,99.45,99,,0.00%
1/25/2016,99.36,99.52,99.55,99.23,,-0.21%
1/22/2016,99.57,99.18,99.59,99.11,,0.51%
1/21/2016,99.06,99.19,99.8,98.91,,-0.03%
1/20/2016,99.09,99.02,99.19,98.63,,0.10%
1/19/2016,98.99,99.12,99.31,98.86,,0.03%
1/18/2016,98.96,98.8,99.2,98.8,,0.00%
1/15/2016,98.96,99.1,99.12,98.38,,-0.13%
1/14/2016,99.09,98.82,99.26,98.59,,0.16%
1/13/2016,98.93,99.03,99.33,98.86,,-0.04%
1/12/2016,98.97,98.8,99.28,98.57,,0.25%
1/11/2016,98.72,98.41,98.89,98.25,,0.18%
1/8/2016,98.54,98.3,99.18,98.27,,0.33%
1/7/2016,98.22,99.21,99.3,98.17,,-0.97%
1/6/2016,99.18,99.39,99.58,99.11,,-0.22%
1/5/2016,99.4,98.87,99.63,98.75,,0.54%
1/4/2016,98.87,98.59,99.18,98.05,,0.24%
1/1/2016,98.63,98.69,98.69,98.63,,0.00%
